Date Time,VALUE,QUALITY,COMMENT
2019/02/20 00:00:00,0.000,255,
2019/02/21 00:00:00,0.000,153,
2019/02/22 00:00:00,0.000,153,
2019/02/23 00:00:00,0.000,153,
2019/02/24 00:00:00,0.000,153,
2019/02/25 00:00:00,0.000,153,
2019/02/26 00:00:00,0.000,153,
2019/02/27 00:00:00,0.000,153,
2019/02/28 00:00:00,0.000,153,
2019/03/01 00:00:00,0.000,153,
2019/03/02 00:00:00,0.000,153,
2019/03/03 00:00:00,0.000,153,
2019/03/04 00:00:00,0.000,153,
2019/03/05 00:00:00,0.000,153,
2019/03/06 00:00:00,0.000,153,
2019/03/07 00:00:00,0.000,153,
2019/03/08 00:00:00,0.000,153,
2019/03/09 00:00:00,0.000,153,
2019/03/10 00:00:00,0.000,153,
2019/03/11 00:00:00,0.000,153,
2019/03/12 00:00:00,0.000,153,
2019/03/13 00:00:00,0.000,153,
2019/03/14 00:00:00,0.000,153,
2019/03/15 00:00:00,0.000,153,
2019/03/16 00:00:00,0.000,153,
2019/03/17 00:00:00,0.000,153,
2019/03/18 00:00:00,0.000,153,
2019/03/19 00:00:00,0.000,153,
2019/03/20 00:00:00,0.000,153,
2019/03/21 00:00:00,0.000,153,
2019/03/22 00:00:00,0.000,153,
2019/03/23 00:00:00,0.000,153,
2019/03/24 00:00:00,0.000,153,
2019/03/25 00:00:00,0.000,153,
2019/03/26 00:00:00,0.000,153,
2019/03/27 00:00:00,0.000,153,
2019/03/28 00:00:00,0.000,153,
2019/03/29 00:00:00,0.000,153,
2019/03/30 00:00:00,0.000,153,
2019/03/31 00:00:00,0.000,153,
2019/04/01 00:00:00,0.000,153,
2019/04/02 00:00:00,0.000,153,
2019/04/03 00:00:00,0.000,153,
2019/04/04 00:00:00,0.000,153,
2019/04/05 00:00:00,0.000,153,
2019/04/06 00:00:00,0.000,153,
2019/04/07 00:00:00,0.000,153,
2019/04/08 00:00:00,0.000,153,
2019/04/09 00:00:00,0.000,153,
2019/04/10 00:00:00,0.000,153,
2019/04/11 00:00:00,0.000,153,
2019/04/12 00:00:00,0.000,153,
2019/04/13 00:00:00,0.000,153,
2019/04/14 00:00:00,0.000,153,
2019/04/15 00:00:00,0.000,153,
2019/04/16 00:00:00,0.000,153,
2019/04/17 00:00:00,0.000,153,
2019/04/18 00:00:00,0.000,153,
2019/04/19 00:00:00,0.000,153,
2019/04/20 00:00:00,0.000,153,
2019/04/21 00:00:00,0.000,153,
2019/04/22 00:00:00,0.000,153,
2019/04/23 00:00:00,0.000,153,
2019/04/24 00:00:00,0.000,153,
2019/04/25 00:00:00,0.000,153,
2019/04/26 00:00:00,0.000,153,
2019/04/27 00:00:00,0.000,153,
2019/04/28 00:00:00,0.000,153,
2019/04/29 00:00:00,0.000,153,
2019/04/30 00:00:00,0.000,153,
2019/05/01 00:00:00,0.000,153,
2019/05/02 00:00:00,0.000,153,
2019/05/03 00:00:00,0.000,153,
2019/05/04 00:00:00,0.000,153,
2019/05/05 00:00:00,0.000,153,
2019/05/06 00:00:00,0.000,153,
2019/05/07 00:00:00,0.000,153,
2019/05/08 00:00:00,0.000,153,
2019/05/09 00:00:00,0.000,153,
2019/05/10 00:00:00,0.000,153,
2019/05/11 00:00:00,0.000,153,
2019/05/12 00:00:00,0.000,153,
2019/05/13 00:00:00,0.000,153,
2019/05/14 00:00:00,0.000,153,
2019/05/15 00:00:00,0.000,153,
2019/05/16 00:00:00,0.000,153,
2019/05/17 00:00:00,0.000,153,
2019/05/18 00:00:00,0.000,153,
2019/05/19 00:00:00,0.000,153,
2019/05/20 00:00:00,0.000,153,
2019/05/21 00:00:00,0.000,153,
2019/05/22 00:00:00,0.000,153,
2019/05/23 00:00:00,0.000,153,
2019/05/24 00:00:00,0.000,153,
2019/05/25 00:00:00,0.000,153,
2019/05/26 00:00:00,0.000,153,
2019/05/27 00:00:00,0.000,153,
2019/05/28 00:00:00,0.000,153,
2019/05/29 00:00:00,0.000,153,
2019/05/30 00:00:00,0.000,153,
2019/05/31 00:00:00,0.000,153,
2019/06/01 00:00:00,0.000,153,
2019/06/02 00:00:00,0.000,153,
2019/06/03 00:00:00,0.000,153,
2019/06/04 00:00:00,0.000,153,
2019/06/05 00:00:00,0.000,153,
2019/06/06 00:00:00,0.000,153,
2019/06/07 00:00:00,0.000,153,
2019/06/08 00:00:00,0.000,153,
2019/06/09 00:00:00,0.000,153,
2019/06/10 00:00:00,0.000,153,
2019/06/11 00:00:00,0.000,153,
2019/06/12 00:00:00,0.000,153,
2019/06/13 00:00:00,0.000,153,
2019/06/14 00:00:00,0.000,153,
2019/06/15 00:00:00,0.000,153,
2019/06/16 00:00:00,0.000,153,
2019/06/17 00:00:00,0.000,153,
2019/06/18 00:00:00,0.000,153,
2019/06/19 00:00:00,0.000,153,
2019/06/20 00:00:00,0.000,153,
2019/06/21 00:00:00,0.000,153,
2019/06/22 00:00:00,0.000,153,
2019/06/23 00:00:00,0.000,153,
2019/06/24 00:00:00,0.000,153,
2019/06/25 00:00:00,0.000,153,
2019/06/26 00:00:00,0.000,153,
2019/06/27 00:00:00,0.000,153,
2019/06/28 00:00:00,0.000,153,
2019/06/29 00:00:00,0.000,153,
2019/06/30 00:00:00,8.563,2,
2019/07/01 00:00:00,7.387,2,
2019/07/02 00:00:00,5.793,2,
2019/07/03 00:00:00,4.149,2,
2019/07/04 00:00:00,3.482,2,
2019/07/05 00:00:00,3.943,2,
2019/07/06 00:00:00,4.078,2,
2019/07/07 00:00:00,4.273,2,
2019/07/08 00:00:00,3.986,2,
2019/07/09 00:00:00,3.655,15,
2019/07/10 00:00:00,3.401,15,
2019/07/11 00:00:00,3.414,15,
2019/07/12 00:00:00,3.259,15,
2019/07/13 00:00:00,3.983,15,
2019/07/14 00:00:00,4.416,15,
2019/07/15 00:00:00,4.699,15,
2019/07/16 00:00:00,5.808,15,
2019/07/17 00:00:00,5.535,15,
2019/07/18 00:00:00,4.916,15,
2019/07/19 00:00:00,4.396,15,
2019/07/20 00:00:00,4.426,15,
2019/07/21 00:00:00,4.428,15,
2019/07/22 00:00:00,4.383,15,
2019/07/23 00:00:00,4.601,15,
2019/07/24 00:00:00,4.972,15,
2019/07/25 00:00:00,4.618,15,
2019/07/26 00:00:00,4.321,15,
2019/07/27 00:00:00,4.009,15,
2019/07/28 00:00:00,3.672,15,
2019/07/29 00:00:00,3.550,15,
2019/07/30 00:00:00,3.853,15,
2019/07/31 00:00:00,4.034,15,
2019/08/01 00:00:00,4.048,15,
2019/08/02 00:00:00,4.136,15,
2019/08/03 00:00:00,4.049,15,
2019/08/04 00:00:00,4.096,15,
2019/08/05 00:00:00,4.449,15,
2019/08/06 00:00:00,4.963,15,
2019/08/07 00:00:00,4.321,15,
2019/08/08 00:00:00,4.166,15,
2019/08/09 00:00:00,4.780,15,
2019/08/10 00:00:00,5.329,15,
2019/08/11 00:00:00,5.492,15,
2019/08/12 00:00:00,5.573,15,
2019/08/13 00:00:00,6.045,2,
2019/08/14 00:00:00,6.211,2,
2019/08/15 00:00:00,6.166,2,
2019/08/16 00:00:00,5.851,2,
2019/08/17 00:00:00,5.677,2,
2019/08/18 00:00:00,5.705,2,
2019/08/19 00:00:00,5.845,2,
2019/08/20 00:00:00,5.671,2,
2019/08/21 00:00:00,6.029,2,
2019/08/22 00:00:00,6.129,2,
2019/08/23 00:00:00,5.792,2,
2019/08/24 00:00:00,5.705,2,
2019/08/25 00:00:00,5.772,2,
2019/08/26 00:00:00,5.814,2,
2019/08/27 00:00:00,5.935,2,
2019/08/28 00:00:00,5.666,2,
2019/08/29 00:00:00,5.981,2,
2019/08/30 00:00:00,6.245,2,
2019/08/31 00:00:00,6.019,2,
2019/09/01 00:00:00,5.660,2,
2019/09/02 00:00:00,6.385,2,
2019/09/03 00:00:00,5.848,2,
2019/09/04 00:00:00,5.210,2,
2019/09/05 00:00:00,4.854,2,
2019/09/06 00:00:00,4.593,2,
2019/09/07 00:00:00,5.141,2,
2019/09/08 00:00:00,5.253,2,
2019/09/09 00:00:00,5.558,2,
2019/09/10 00:00:00,5.603,2,
2019/09/11 00:00:00,5.918,50,
2019/09/12 00:00:00,5.161,50,
2019/09/13 00:00:00,5.385,50,
2019/09/14 00:00:00,5.453,50,
2019/09/15 00:00:00,4.551,50,
2019/09/16 00:00:00,4.237,50,
2019/09/17 00:00:00,4.926,50,
2019/09/18 00:00:00,4.882,50,
2019/09/19 00:00:00,4.478,50,
2019/09/20 00:00:00,4.597,50,
2019/09/21 00:00:00,3.589,50,
2019/09/22 00:00:00,0.000,161,
2019/09/23 00:00:00,0.000,161,
2019/09/24 00:00:00,0.000,161,
2019/09/25 00:00:00,0.000,161,
2019/09/26 00:00:00,0.000,161,
2019/09/27 00:00:00,0.000,161,
2019/09/28 00:00:00,0.000,161,
2019/09/29 00:00:00,0.000,161,
2019/09/30 00:00:00,0.000,161,
2019/10/01 00:00:00,0.000,161,
2019/10/02 00:00:00,0.000,161,
2019/10/03 00:00:00,0.000,161,
2019/10/04 00:00:00,0.000,161,
2019/10/05 00:00:00,0.000,153,
2019/10/06 00:00:00,0.000,161,
2019/10/07 00:00:00,0.000,153,
2019/10/08 00:00:00,0.000,153,
2019/10/09 00:00:00,0.000,153,
2019/10/10 00:00:00,0.000,153,
2019/10/11 00:00:00,0.000,153,
2019/10/12 00:00:00,0.000,161,
2019/10/13 00:00:00,0.000,161,
2019/10/14 00:00:00,0.000,161,
2019/10/15 00:00:00,0.000,161,
2019/10/16 00:00:00,0.000,161,
2019/10/17 00:00:00,0.000,161,
2019/10/18 00:00:00,5.124,11,
2019/10/19 00:00:00,4.777,11,
2019/10/20 00:00:00,5.174,11,
2019/10/21 00:00:00,6.045,11,
2019/10/22 00:00:00,7.148,11,
2019/10/23 00:00:00,6.909,11,
2019/10/24 00:00:00,6.101,11,
2019/10/25 00:00:00,4.833,11,
2019/10/26 00:00:00,4.420,11,
2019/10/27 00:00:00,5.449,11,
2019/10/28 00:00:00,5.587,11,
2019/10/29 00:00:00,5.448,11,
2019/10/30 00:00:00,5.991,11,
2019/10/31 00:00:00,6.408,11,
2019/11/01 00:00:00,7.684,11,
2019/11/02 00:00:00,5.463,11,
2019/11/03 00:00:00,5.960,11,
2019/11/04 00:00:00,5.643,11,
2019/11/05 00:00:00,7.410,11,
2019/11/06 00:00:00,6.367,11,
2019/11/07 00:00:00,5.877,8,
2019/11/08 00:00:00,7.592,8,
2019/11/09 00:00:00,7.380,8,
2019/11/10 00:00:00,10.127,8,
2019/11/11 00:00:00,11.376,8,
2019/11/12 00:00:00,9.869,8,
2019/11/13 00:00:00,9.006,8,
2019/11/14 00:00:00,9.227,8,
2019/11/15 00:00:00,9.001,8,
2019/11/16 00:00:00,9.251,8,
2019/11/17 00:00:00,7.765,8,
2019/11/18 00:00:00,6.890,8,
2019/11/19 00:00:00,6.704,8,
2019/11/20 00:00:00,6.060,8,
2019/11/21 00:00:00,4.871,8,
2019/11/22 00:00:00,0.000,153,
2019/11/23 00:00:00,0.000,153,
2019/11/24 00:00:00,0.000,153,
2019/11/25 00:00:00,0.000,153,
2019/11/26 00:00:00,0.000,153,
2019/11/27 00:00:00,0.000,153,
2019/11/28 00:00:00,0.000,153,
2019/11/29 00:00:00,0.000,153,
2019/11/30 00:00:00,0.000,153,
2019/12/01 00:00:00,0.000,153,
2019/12/02 00:00:00,0.000,153,
2019/12/03 00:00:00,0.000,153,
2019/12/04 00:00:00,0.000,153,
2019/12/05 00:00:00,0.000,153,
2019/12/06 00:00:00,0.000,153,
2019/12/07 00:00:00,0.000,153,
2019/12/08 00:00:00,0.000,153,
2019/12/09 00:00:00,0.000,153,
2019/12/10 00:00:00,0.000,153,
2019/12/11 00:00:00,0.000,153,
2019/12/12 00:00:00,0.000,153,
2019/12/13 00:00:00,0.000,153,
2019/12/14 00:00:00,0.000,153,
2019/12/15 00:00:00,0.000,153,
2019/12/16 00:00:00,0.000,153,
2019/12/17 00:00:00,0.000,153,
2019/12/18 00:00:00,0.000,153,
2019/12/19 00:00:00,0.000,153,
2019/12/20 00:00:00,0.000,153,
2019/12/21 00:00:00,0.000,153,
2019/12/22 00:00:00,0.000,153,
2019/12/23 00:00:00,0.000,153,
2019/12/24 00:00:00,0.000,153,
2019/12/25 00:00:00,0.000,153,
2019/12/26 00:00:00,0.000,153,
2019/12/27 00:00:00,0.000,153,
2019/12/28 00:00:00,0.000,153,
2019/12/29 00:00:00,0.000,153,
2019/12/30 00:00:00,0.000,153,
2019/12/31 00:00:00,0.000,153,
2020/01/01 00:00:00,0.000,153,
2020/01/02 00:00:00,0.000,153,
2020/01/03 00:00:00,0.000,153,
2020/01/04 00:00:00,0.000,153,
2020/01/05 00:00:00,0.000,153,
2020/01/06 00:00:00,0.000,153,
2020/01/07 00:00:00,0.000,153,
2020/01/08 00:00:00,0.000,153,
2020/01/09 00:00:00,0.000,153,
2020/01/10 00:00:00,0.000,153,
2020/01/11 00:00:00,0.000,153,
2020/01/12 00:00:00,0.000,153,
2020/01/13 00:00:00,0.000,153,
2020/01/14 00:00:00,0.000,153,
2020/01/15 00:00:00,0.000,153,
2020/01/16 00:00:00,0.000,153,
2020/01/17 00:00:00,0.000,153,
2020/01/18 00:00:00,0.000,153,
2020/01/19 00:00:00,0.000,153,
2020/01/20 00:00:00,0.000,153,
2020/01/21 00:00:00,0.000,153,
2020/01/22 00:00:00,0.000,153,
2020/01/23 00:00:00,0.000,153,
2020/01/24 00:00:00,0.000,153,
2020/01/25 00:00:00,0.000,153,
2020/01/26 00:00:00,0.000,153,
2020/01/27 00:00:00,0.000,153,
2020/01/28 00:00:00,0.000,153,
2020/01/29 00:00:00,0.000,153,
2020/01/30 00:00:00,0.000,153,
2020/01/31 00:00:00,0.000,153,
2020/02/01 00:00:00,0.000,153,
2020/02/02 00:00:00,0.000,153,
2020/02/03 00:00:00,0.000,153,
2020/02/04 00:00:00,0.000,153,
2020/02/05 00:00:00,0.000,153,
2020/02/06 00:00:00,0.000,153,
2020/02/07 00:00:00,0.000,153,
2020/02/08 00:00:00,0.000,153,
2020/02/09 00:00:00,0.000,153,
2020/02/10 00:00:00,0.000,153,
2020/02/11 00:00:00,0.000,153,
2020/02/12 00:00:00,0.000,153,
2020/02/13 00:00:00,0.000,153,
2020/02/14 00:00:00,0.000,153,
2020/02/15 00:00:00,0.000,153,
2020/02/16 00:00:00,0.000,153,
2020/02/17 00:00:00,0.000,153,
2020/02/18 00:00:00,0.000,153,
2020/02/19 00:00:00,0.000,153,
2020/02/20 00:00:00,0.000,153,
2020/02/21 00:00:00,0.000,153,
2020/02/22 00:00:00,0.000,153,
2020/02/23 00:00:00,0.000,153,
2020/02/24 00:00:00,0.000,153,
2020/02/25 00:00:00,0.000,153,
2020/02/26 00:00:00,0.000,153,
2020/02/27 00:00:00,0.000,153,
2020/02/28 00:00:00,0.000,153,
2020/02/29 00:00:00,0.000,153,
2020/03/01 00:00:00,0.000,153,
2020/03/02 00:00:00,0.000,153,
2020/03/03 00:00:00,0.000,153,
2020/03/04 00:00:00,0.000,153,
2020/03/05 00:00:00,0.000,153,
2020/03/06 00:00:00,0.000,153,
2020/03/07 00:00:00,0.000,153,
2020/03/08 00:00:00,0.000,153,
2020/03/09 00:00:00,0.000,153,
2020/03/10 00:00:00,0.000,153,
2020/03/11 00:00:00,0.000,153,
2020/03/12 00:00:00,0.000,153,
2020/03/13 00:00:00,0.000,153,
2020/03/14 00:00:00,0.000,153,
2020/03/15 00:00:00,0.000,153,
2020/03/16 00:00:00,0.000,153,
2020/03/17 00:00:00,0.000,153,
2020/03/18 00:00:00,0.000,153,
2020/03/19 00:00:00,0.000,153,
2020/03/20 00:00:00,0.000,153,
2020/03/21 00:00:00,0.000,153,
2020/03/22 00:00:00,0.000,153,
2020/03/23 00:00:00,0.000,153,
2020/03/24 00:00:00,0.000,153,
2020/03/25 00:00:00,0.000,153,
2020/03/26 00:00:00,0.000,153,
2020/03/27 00:00:00,0.000,153,
2020/03/28 00:00:00,0.000,153,
2020/03/29 00:00:00,0.000,153,
2020/03/30 00:00:00,0.000,153,
2020/03/31 00:00:00,0.000,153,
2020/04/01 00:00:00,0.000,153,
2020/04/02 00:00:00,0.000,153,
2020/04/03 00:00:00,0.000,153,
2020/04/04 00:00:00,0.000,153,
2020/04/05 00:00:00,0.000,153,
2020/04/06 00:00:00,0.000,153,
2020/04/07 00:00:00,0.000,153,
2020/04/08 00:00:00,0.000,153,
2020/04/09 00:00:00,0.000,153,
2020/04/10 00:00:00,0.000,153,
2020/04/11 00:00:00,0.000,153,
2020/04/12 00:00:00,0.000,153,
2020/04/13 00:00:00,0.000,153,
2020/04/14 00:00:00,0.000,153,
2020/04/15 00:00:00,0.000,153,
2020/04/16 00:00:00,0.000,153,
2020/04/17 00:00:00,0.000,153,
2020/04/18 00:00:00,0.000,153,
2020/04/19 00:00:00,0.000,153,
2020/04/20 00:00:00,0.000,153,
2020/04/21 00:00:00,0.000,153,
2020/04/22 00:00:00,0.000,153,
2020/04/23 00:00:00,0.000,153,
2020/04/24 00:00:00,0.000,153,
2020/04/25 00:00:00,0.000,153,
2020/04/26 00:00:00,0.000,153,
2020/04/27 00:00:00,0.000,153,
2020/04/28 00:00:00,0.000,153,
2020/04/29 00:00:00,0.000,153,
2020/04/30 00:00:00,0.000,153,
2020/05/01 00:00:00,0.000,180,
2020/05/02 00:00:00,0.000,180,
2020/05/03 00:00:00,6.992,2,
2020/05/04 00:00:00,6.572,2,
2020/05/05 00:00:00,6.197,2,
2020/05/06 00:00:00,5.862,2,
2020/05/07 00:00:00,5.481,2,
2020/05/08 00:00:00,4.907,2,
2020/05/09 00:00:00,4.443,2,
2020/05/10 00:00:00,4.116,2,
2020/05/11 00:00:00,3.824,2,
2020/05/12 00:00:00,3.751,2,
2020/05/13 00:00:00,3.710,2,
2020/05/14 00:00:00,4.165,2,
2020/05/15 00:00:00,4.500,2,
2020/05/16 00:00:00,4.474,2,
2020/05/17 00:00:00,4.285,2,
2020/05/18 00:00:00,3.939,2,
2020/05/19 00:00:00,3.916,2,
2020/05/20 00:00:00,3.852,2,
2020/05/21 00:00:00,4.142,2,
2020/05/22 00:00:00,5.078,2,
2020/05/23 00:00:00,7.196,2,
2020/05/24 00:00:00,7.235,2,
2020/05/25 00:00:00,6.685,2,
2020/05/26 00:00:00,6.140,2,
2020/05/27 00:00:00,5.744,2,
2020/05/28 00:00:00,5.451,2,
2020/05/29 00:00:00,5.050,2,
2020/05/30 00:00:00,4.751,2,
2020/05/31 00:00:00,4.371,2,
2020/06/01 00:00:00,4.482,2,
2020/06/02 00:00:00,4.338,2,
2020/06/03 00:00:00,5.061,2,
2020/06/04 00:00:00,7.118,2,
2020/06/05 00:00:00,7.056,2,
2020/06/06 00:00:00,6.825,2,
2020/06/07 00:00:00,6.741,2,
2020/06/08 00:00:00,6.630,2,
2020/06/09 00:00:00,6.553,2,
2020/06/10 00:00:00,6.536,2,
2020/06/11 00:00:00,6.513,2,
2020/06/12 00:00:00,6.444,2,
2020/06/13 00:00:00,6.369,2,
2020/06/14 00:00:00,6.018,2,
2020/06/15 00:00:00,5.570,2,
2020/06/16 00:00:00,5.285,2,
2020/06/17 00:00:00,5.438,2,
2020/06/18 00:00:00,6.424,15,
2020/06/19 00:00:00,6.643,15,
2020/06/20 00:00:00,6.291,15,
2020/06/21 00:00:00,6.052,15,
2020/06/22 00:00:00,6.977,15,
2020/06/23 00:00:00,7.598,15,
2020/06/24 00:00:00,7.386,15,
2020/06/25 00:00:00,7.555,15,
2020/06/26 00:00:00,7.127,15,
2020/06/27 00:00:00,6.987,15,
2020/06/28 00:00:00,7.208,15,
2020/06/29 00:00:00,7.335,15,
2020/06/30 00:00:00,7.436,15,
2020/07/01 00:00:00,7.400,15,
2020/07/02 00:00:00,7.165,15,
2020/07/03 00:00:00,6.851,15,
2020/07/04 00:00:00,6.709,15,
2020/07/05 00:00:00,6.846,15,
2020/07/06 00:00:00,8.079,15,
2020/07/07 00:00:00,7.964,15,
2020/07/08 00:00:00,7.489,15,
2020/07/09 00:00:00,7.288,15,
2020/07/10 00:00:00,7.181,15,
2020/07/11 00:00:00,7.116,15,
2020/07/12 00:00:00,7.036,15,
2020/07/13 00:00:00,7.629,15,
2020/07/14 00:00:00,7.776,15,
2020/07/15 00:00:00,7.390,15,
2020/07/16 00:00:00,7.221,15,
2020/07/17 00:00:00,7.087,15,
2020/07/18 00:00:00,7.112,15,
2020/07/19 00:00:00,7.197,15,
2020/07/20 00:00:00,7.371,15,
2020/07/21 00:00:00,7.296,15,
2020/07/22 00:00:00,7.214,15,
2020/07/23 00:00:00,7.160,2,
2020/07/24 00:00:00,7.026,2,
2020/07/25 00:00:00,6.986,2,
2020/07/26 00:00:00,7.024,2,
2020/07/27 00:00:00,7.107,2,
2020/07/28 00:00:00,6.974,2,
2020/07/29 00:00:00,6.606,2,
2020/07/30 00:00:00,6.300,2,
2020/07/31 00:00:00,6.165,2,
2020/08/01 00:00:00,6.171,2,
2020/08/02 00:00:00,6.175,2,
2020/08/03 00:00:00,6.006,2,
2020/08/04 00:00:00,6.100,2,
2020/08/05 00:00:00,6.093,2,
2020/08/06 00:00:00,6.059,2,
2020/08/07 00:00:00,6.661,2,
2020/08/08 00:00:00,7.192,2,
2020/08/09 00:00:00,7.000,2,
2020/08/10 00:00:00,7.404,2,
2020/08/11 00:00:00,7.571,2,
2020/08/12 00:00:00,7.378,2,
2020/08/13 00:00:00,6.988,2,
2020/08/14 00:00:00,6.501,2,
2020/08/15 00:00:00,6.343,2,
2020/08/16 00:00:00,6.509,2,
2020/08/17 00:00:00,6.440,2,
2020/08/18 00:00:00,6.426,2,
2020/08/19 00:00:00,6.223,2,
2020/08/20 00:00:00,6.044,2,
2020/08/21 00:00:00,6.175,2,
2020/08/22 00:00:00,6.975,2,
2020/08/23 00:00:00,0.000,151,
2020/08/24 00:00:00,7.538,2,
2020/08/25 00:00:00,7.832,2,
2020/08/26 00:00:00,8.132,2,
2020/08/27 00:00:00,7.987,2,
2020/08/28 00:00:00,7.718,2,
2020/08/29 00:00:00,7.374,2,
2020/08/30 00:00:00,6.956,2,
2020/08/31 00:00:00,6.600,2,
2020/09/01 00:00:00,6.339,2,
2020/09/02 00:00:00,6.254,2,
2020/09/03 00:00:00,5.841,2,
2020/09/04 00:00:00,5.661,2,
2020/09/05 00:00:00,5.323,2,
2020/09/06 00:00:00,5.276,2,
2020/09/07 00:00:00,5.276,2,
2020/09/08 00:00:00,4.985,2,
2020/09/09 00:00:00,4.710,2,
2020/09/10 00:00:00,4.493,2,
2020/09/11 00:00:00,4.311,2,
2020/09/12 00:00:00,4.117,2,
2020/09/13 00:00:00,3.754,2,
2020/09/14 00:00:00,3.478,2,
2020/09/15 00:00:00,3.359,2,
2020/09/16 00:00:00,3.112,2,
2020/09/17 00:00:00,3.278,2,
2020/09/18 00:00:00,3.493,2,
2020/09/19 00:00:00,3.586,2,
2020/09/20 00:00:00,3.190,2,
2020/09/21 00:00:00,0.000,180,
2020/09/22 00:00:00,0.000,180,
2020/09/23 00:00:00,2.486,2,
2020/09/24 00:00:00,2.614,2,
2020/09/25 00:00:00,3.096,2,
2020/09/26 00:00:00,3.682,2,
2020/09/27 00:00:00,3.996,2,
2020/09/28 00:00:00,4.310,2,
2020/09/29 00:00:00,4.898,2,
2020/09/30 00:00:00,5.141,2,
2020/10/01 00:00:00,4.865,2,
2020/10/02 00:00:00,5.068,2,
2020/10/03 00:00:00,4.697,2,
2020/10/04 00:00:00,3.920,2,
2020/10/05 00:00:00,3.229,2,
2020/10/06 00:00:00,2.919,2,
2020/10/07 00:00:00,2.775,2,
2020/10/08 00:00:00,3.272,2,
2020/10/09 00:00:00,3.353,2,
2020/10/10 00:00:00,2.541,2,
2020/10/11 00:00:00,2.975,2,
2020/10/12 00:00:00,5.210,2,
2020/10/13 00:00:00,4.456,2,
2020/10/14 00:00:00,3.557,2,
2020/10/15 00:00:00,2.718,2,
2020/10/16 00:00:00,2.142,2,
2020/10/17 00:00:00,2.108,2,
2020/10/18 00:00:00,1.983,2,
2020/10/19 00:00:00,1.940,2,
2020/10/20 00:00:00,2.913,2,
2020/10/21 00:00:00,4.223,2,
2020/10/22 00:00:00,3.716,2,
2020/10/23 00:00:00,2.687,2,
2020/10/24 00:00:00,2.364,2,
2020/10/25 00:00:00,2.223,2,
2020/10/26 00:00:00,2.128,2,
2020/10/27 00:00:00,1.871,2,
2020/10/28 00:00:00,2.655,2,
2020/10/29 00:00:00,2.870,2,
2020/10/30 00:00:00,2.386,2,
2020/10/31 00:00:00,1.899,2,
2020/11/01 00:00:00,1.471,2,
2020/11/02 00:00:00,1.015,2,
2020/11/03 00:00:00,0.608,15,
2020/11/04 00:00:00,0.447,15,
2020/11/05 00:00:00,0.933,15,
2020/11/06 00:00:00,0.889,15,
2020/11/07 00:00:00,1.146,15,
2020/11/08 00:00:00,0.884,15,
2020/11/09 00:00:00,0.820,15,
2020/11/10 00:00:00,0.757,15,
2020/11/11 00:00:00,1.118,15,
2020/11/12 00:00:00,0.765,15,
2020/11/13 00:00:00,0.694,15,
2020/11/14 00:00:00,0.857,15,
2020/11/15 00:00:00,0.941,15,
2020/11/16 00:00:00,1.555,15,
2020/11/17 00:00:00,1.080,15,
2020/11/18 00:00:00,0.711,15,
2020/11/19 00:00:00,1.263,15,
2020/11/20 00:00:00,2.032,2,
2020/11/21 00:00:00,1.728,2,
2020/11/22 00:00:00,1.991,2,
2020/11/23 00:00:00,2.144,2,
2020/11/24 00:00:00,1.169,2,
2020/11/25 00:00:00,0.806,2,
2020/11/26 00:00:00,1.492,2,
2020/11/27 00:00:00,0.986,2,
2020/11/28 00:00:00,1.056,2,
2020/11/29 00:00:00,0.797,2,
2020/11/30 00:00:00,0.329,2,
2020/12/01 00:00:00,0.623,2,
2020/12/02 00:00:00,0.619,2,
2020/12/03 00:00:00,0.824,2,
2020/12/04 00:00:00,1.310,2,
2020/12/05 00:00:00,0.880,2,
2020/12/06 00:00:00,0.600,2,
2020/12/07 00:00:00,0.960,2,
2020/12/08 00:00:00,1.900,2,
2020/12/09 00:00:00,3.354,2,
2020/12/10 00:00:00,4.697,8,
2020/12/11 00:00:00,3.647,8,
2020/12/12 00:00:00,3.792,8,
2020/12/13 00:00:00,4.942,8,
2020/12/14 00:00:00,5.579,8,
2020/12/15 00:00:00,5.480,8,
2020/12/16 00:00:00,4.622,8,
2020/12/17 00:00:00,3.489,8,
2020/12/18 00:00:00,2.626,8,
2020/12/19 00:00:00,2.362,8,
2020/12/20 00:00:00,2.329,8,
2020/12/21 00:00:00,1.013,8,
2020/12/22 00:00:00,0.824,8,
2020/12/23 00:00:00,1.244,8,
2020/12/24 00:00:00,1.623,8,
2020/12/25 00:00:00,1.445,8,
2020/12/26 00:00:00,2.861,8,
2020/12/27 00:00:00,1.655,8,
2020/12/28 00:00:00,2.287,8,
2020/12/29 00:00:00,3.420,8,
2020/12/30 00:00:00,0.000,153,
2020/12/31 00:00:00,0.000,153,
2021/01/01 00:00:00,0.000,153,
2021/01/02 00:00:00,0.000,153,
2021/01/03 00:00:00,0.000,153,
2021/01/04 00:00:00,0.000,153,
2021/01/05 00:00:00,0.000,153,
2021/01/06 00:00:00,0.000,153,
2021/01/07 00:00:00,0.000,153,
2021/01/08 00:00:00,0.000,153,
2021/01/09 00:00:00,0.000,153,
2021/01/10 00:00:00,0.000,153,
2021/01/11 00:00:00,0.000,153,
2021/01/12 00:00:00,0.000,153,
2021/01/13 00:00:00,0.000,153,
2021/01/14 00:00:00,0.000,153,
2021/01/15 00:00:00,0.000,153,
2021/01/16 00:00:00,0.000,153,
2021/01/17 00:00:00,0.000,153,
2021/01/18 00:00:00,0.000,153,
2021/01/19 00:00:00,0.000,153,
2021/01/20 00:00:00,0.000,153,
2021/01/21 00:00:00,0.000,153,
2021/01/22 00:00:00,0.000,153,
2021/01/23 00:00:00,0.000,153,
2021/01/24 00:00:00,0.000,153,
2021/01/25 00:00:00,0.000,153,
2021/01/26 00:00:00,0.000,153,
2021/01/27 00:00:00,0.000,153,
2021/01/28 00:00:00,0.000,153,
2021/01/29 00:00:00,0.000,153,
2021/01/30 00:00:00,0.000,153,
2021/01/31 00:00:00,0.000,153,
2021/02/01 00:00:00,0.000,153,
2021/02/02 00:00:00,0.000,153,
2021/02/03 00:00:00,0.000,153,
2021/02/04 00:00:00,0.000,153,
2021/02/05 00:00:00,0.000,153,
2021/02/06 00:00:00,0.000,153,
2021/02/07 00:00:00,0.000,153,
2021/02/08 00:00:00,0.000,153,
2021/02/09 00:00:00,0.000,153,
2021/02/10 00:00:00,0.000,153,
2021/02/11 00:00:00,0.000,153,
2021/02/12 00:00:00,0.000,153,
2021/02/13 00:00:00,0.000,153,
2021/02/14 00:00:00,0.000,153,
2021/02/15 00:00:00,0.000,153,
2021/02/16 00:00:00,0.000,153,
2021/02/17 00:00:00,0.000,153,
2021/02/18 00:00:00,0.000,153,
2021/02/19 00:00:00,0.000,153,
2021/02/20 00:00:00,0.000,153,
2021/02/21 00:00:00,0.000,153,
2021/02/22 00:00:00,0.000,153,
2021/02/23 00:00:00,0.000,153,
2021/02/24 00:00:00,0.000,153,
2021/02/25 00:00:00,0.000,153,
2021/02/26 00:00:00,0.000,153,
2021/02/27 00:00:00,0.000,153,
2021/02/28 00:00:00,0.000,153,
2021/03/01 00:00:00,0.000,153,
2021/03/02 00:00:00,0.000,153,
2021/03/03 00:00:00,0.000,153,
2021/03/04 00:00:00,0.000,153,
2021/03/05 00:00:00,0.000,153,
2021/03/06 00:00:00,0.000,153,
2021/03/07 00:00:00,0.000,153,
2021/03/08 00:00:00,0.000,153,
2021/03/09 00:00:00,0.000,153,
2021/03/10 00:00:00,0.000,153,
2021/03/11 00:00:00,0.000,153,
2021/03/12 00:00:00,0.000,153,
2021/03/13 00:00:00,0.000,153,
2021/03/14 00:00:00,0.000,153,
2021/03/15 00:00:00,0.000,153,
2021/03/16 00:00:00,0.000,153,
2021/03/17 00:00:00,0.000,153,
2021/03/18 00:00:00,0.000,153,
2021/03/19 00:00:00,0.000,153,
2021/03/20 00:00:00,0.000,153,
2021/03/21 00:00:00,0.000,153,
2021/03/22 00:00:00,0.000,153,
2021/03/23 00:00:00,0.000,153,
2021/03/24 00:00:00,0.000,153,
2021/03/25 00:00:00,0.000,153,
2021/03/26 00:00:00,0.000,153,
2021/03/27 00:00:00,0.000,153,
2021/03/28 00:00:00,0.000,153,
2021/03/29 00:00:00,0.000,153,
2021/03/30 00:00:00,0.000,153,
2021/03/31 00:00:00,0.000,153,
2021/04/01 00:00:00,0.000,153,
2021/04/02 00:00:00,0.000,153,
2021/04/03 00:00:00,0.000,153,
2021/04/04 00:00:00,0.000,153,
2021/04/05 00:00:00,0.000,153,
2021/04/06 00:00:00,0.000,153,
2021/04/07 00:00:00,0.000,153,
2021/04/08 00:00:00,0.000,153,
2021/04/09 00:00:00,0.000,153,
2021/04/10 00:00:00,0.000,153,
2021/04/11 00:00:00,0.000,153,
2021/04/12 00:00:00,0.000,153,
2021/04/13 00:00:00,0.000,153,
2021/04/14 00:00:00,0.000,153,
2021/04/15 00:00:00,0.000,153,
2021/04/16 00:00:00,0.000,153,
2021/04/17 00:00:00,0.000,153,
2021/04/18 00:00:00,0.000,153,
2021/04/19 00:00:00,0.000,153,
2021/04/20 00:00:00,0.000,153,
2021/04/21 00:00:00,0.000,153,
2021/04/22 00:00:00,0.000,153,
2021/04/23 00:00:00,0.000,153,
2021/04/24 00:00:00,0.000,153,
2021/04/25 00:00:00,0.000,153,
2021/04/26 00:00:00,0.000,153,
2021/04/27 00:00:00,0.000,153,
2021/04/28 00:00:00,0.000,153,
2021/04/29 00:00:00,0.000,153,
2021/04/30 00:00:00,0.000,153,
2021/05/01 00:00:00,0.000,153,
2021/05/02 00:00:00,0.000,153,
2021/05/03 00:00:00,0.000,153,
2021/05/04 00:00:00,0.000,153,
2021/05/05 00:00:00,0.000,153,
2021/05/06 00:00:00,0.000,153,
2021/05/07 00:00:00,0.000,153,
2021/05/08 00:00:00,0.000,153,
2021/05/09 00:00:00,0.000,153,
2021/05/10 00:00:00,0.000,153,
2021/05/11 00:00:00,0.000,153,
2021/05/12 00:00:00,0.000,153,
2021/05/13 00:00:00,0.000,153,
2021/05/14 00:00:00,0.000,153,
2021/05/15 00:00:00,0.000,153,
2021/05/16 00:00:00,0.000,153,
2021/05/17 00:00:00,0.000,153,
2021/05/18 00:00:00,0.000,153,
2021/05/19 00:00:00,0.000,153,
2021/05/20 00:00:00,0.000,153,
2021/05/21 00:00:00,0.000,153,
2021/05/22 00:00:00,0.000,153,
2021/05/23 00:00:00,0.000,153,
2021/05/24 00:00:00,0.000,153,
2021/05/25 00:00:00,0.000,153,
2021/05/26 00:00:00,0.000,153,
2021/05/27 00:00:00,0.000,153,
2021/05/28 00:00:00,0.000,153,
2021/05/29 00:00:00,0.000,153,
2021/05/30 00:00:00,0.000,153,
2021/05/31 00:00:00,0.000,153,
2021/06/01 00:00:00,0.000,153,
2021/06/02 00:00:00,0.000,153,
2021/06/03 00:00:00,0.000,153,
2021/06/04 00:00:00,0.000,153,
2021/06/05 00:00:00,0.000,153,
2021/06/06 00:00:00,0.000,153,
2021/06/07 00:00:00,0.000,153,
2021/06/08 00:00:00,0.000,153,
2021/06/09 00:00:00,0.000,153,
2021/06/10 00:00:00,0.000,153,
2021/06/11 00:00:00,0.000,153,
2021/06/12 00:00:00,0.000,153,
2021/06/13 00:00:00,0.000,153,
2021/06/14 00:00:00,0.000,153,
2021/06/15 00:00:00,4.257,15,
2021/06/16 00:00:00,3.000,15,
2021/06/17 00:00:00,2.847,15,
2021/06/18 00:00:00,2.524,15,
2021/06/19 00:00:00,2.758,15,
2021/06/20 00:00:00,2.792,15,
2021/06/21 00:00:00,2.402,15,
2021/06/22 00:00:00,2.476,15,
2021/06/23 00:00:00,3.090,15,
2021/06/24 00:00:00,2.991,15,
2021/06/25 00:00:00,3.086,15,
2021/06/26 00:00:00,2.640,15,
2021/06/27 00:00:00,2.561,15,
2021/06/28 00:00:00,2.334,15,
2021/06/29 00:00:00,2.616,15,
2021/06/30 00:00:00,3.855,15,
2021/07/01 00:00:00,4.376,15,
2021/07/02 00:00:00,4.445,15,
2021/07/03 00:00:00,4.266,15,
2021/07/04 00:00:00,4.089,15,
2021/07/05 00:00:00,3.831,15,
2021/07/06 00:00:00,3.685,15,
2021/07/07 00:00:00,3.634,15,
2021/07/08 00:00:00,3.878,15,
2021/07/09 00:00:00,4.405,15,
2021/07/10 00:00:00,4.667,2,
2021/07/11 00:00:00,4.947,2,
2021/07/12 00:00:00,5.374,2,
2021/07/13 00:00:00,5.033,2,
2021/07/14 00:00:00,5.410,2,
2021/07/15 00:00:00,5.137,2,
2021/07/16 00:00:00,4.916,2,
2021/07/17 00:00:00,5.005,2,
2021/07/18 00:00:00,4.985,2,
2021/07/19 00:00:00,5.967,2,
2021/07/20 00:00:00,6.860,2,
2021/07/21 00:00:00,6.647,2,
2021/07/22 00:00:00,6.559,2,
2021/07/23 00:00:00,7.714,2,
2021/07/24 00:00:00,7.791,2,
2021/07/25 00:00:00,7.715,2,
2021/07/26 00:00:00,8.289,2,
2021/07/27 00:00:00,8.361,2,
2021/07/28 00:00:00,7.908,2,
2021/07/29 00:00:00,7.595,2,
2021/07/30 00:00:00,7.427,2,
2021/07/31 00:00:00,7.558,2,
2021/08/01 00:00:00,7.468,2,
2021/08/02 00:00:00,7.215,2,
2021/08/03 00:00:00,7.302,2,
2021/08/04 00:00:00,7.667,2,
2021/08/05 00:00:00,7.616,2,
2021/08/06 00:00:00,7.903,2,
2021/08/07 00:00:00,7.627,2,
2021/08/08 00:00:00,7.231,2,
2021/08/09 00:00:00,6.894,2,
2021/08/10 00:00:00,6.582,2,
2021/08/11 00:00:00,6.426,2,
2021/08/12 00:00:00,6.315,2,
2021/08/13 00:00:00,6.188,2,
2021/08/14 00:00:00,6.181,2,
2021/08/15 00:00:00,6.250,2,
2021/08/16 00:00:00,6.361,2,
2021/08/17 00:00:00,6.283,2,
2021/08/18 00:00:00,6.117,2,
2021/08/19 00:00:00,6.000,2,
2021/08/20 00:00:00,5.980,2,
2021/08/21 00:00:00,5.901,2,
2021/08/22 00:00:00,5.752,2,
2021/08/23 00:00:00,5.511,2,
2021/08/24 00:00:00,5.663,2,
2021/08/25 00:00:00,5.941,2,
2021/08/26 00:00:00,6.006,2,
2021/08/27 00:00:00,6.030,2,
2021/08/28 00:00:00,6.148,2,
2021/08/29 00:00:00,6.503,2,
2021/08/30 00:00:00,6.184,2,
2021/08/31 00:00:00,6.134,2,
2021/09/01 00:00:00,5.879,2,
2021/09/02 00:00:00,6.077,2,
2021/09/03 00:00:00,5.813,2,
2021/09/04 00:00:00,5.271,2,
2021/09/05 00:00:00,4.991,2,
2021/09/06 00:00:00,5.061,2,
2021/09/07 00:00:00,6.925,2,
2021/09/08 00:00:00,6.798,2,
2021/09/09 00:00:00,6.263,2,
2021/09/10 00:00:00,5.855,2,
2021/09/11 00:00:00,5.373,2,
2021/09/12 00:00:00,5.073,2,
2021/09/13 00:00:00,4.936,2,
2021/09/14 00:00:00,4.952,2,
2021/09/15 00:00:00,4.815,2,
2021/09/16 00:00:00,4.994,15,
2021/09/17 00:00:00,5.234,15,
2021/09/18 00:00:00,5.174,15,
2021/09/19 00:00:00,5.086,15,
2021/09/20 00:00:00,5.302,15,
2021/09/21 00:00:00,5.307,15,
2021/09/22 00:00:00,5.340,15,
2021/09/23 00:00:00,5.344,15,
2021/09/24 00:00:00,5.359,15,
2021/09/25 00:00:00,5.558,15,
2021/09/26 00:00:00,5.374,15,
2021/09/27 00:00:00,5.486,15,
2021/09/28 00:00:00,5.559,15,
2021/09/29 00:00:00,5.405,15,
2021/09/30 00:00:00,4.544,15,
2021/10/01 00:00:00,3.786,15,
2021/10/02 00:00:00,3.780,15,
2021/10/03 00:00:00,4.683,15,
2021/10/04 00:00:00,4.644,15,
2021/10/05 00:00:00,4.544,15,
2021/10/06 00:00:00,4.541,15,
2021/10/07 00:00:00,5.099,15,
2021/10/08 00:00:00,5.308,15,
2021/10/09 00:00:00,4.733,15,
2021/10/10 00:00:00,4.111,15,
2021/10/11 00:00:00,3.845,15,
2021/10/12 00:00:00,3.547,15,
2021/10/13 00:00:00,3.806,15,
2021/10/14 00:00:00,3.917,15,
2021/10/15 00:00:00,3.372,15,
2021/10/16 00:00:00,3.638,15,
2021/10/17 00:00:00,3.218,15,
2021/10/18 00:00:00,3.831,15,
2021/10/19 00:00:00,4.127,15,
2021/10/20 00:00:00,4.468,2,
2021/10/21 00:00:00,3.947,2,
2021/10/22 00:00:00,3.180,2,
2021/10/23 00:00:00,2.435,2,
2021/10/24 00:00:00,1.974,2,
2021/10/25 00:00:00,1.882,2,
2021/10/26 00:00:00,1.856,2,
2021/10/27 00:00:00,1.681,2,
2021/10/28 00:00:00,1.530,2,
2021/10/29 00:00:00,1.725,2,
2021/10/30 00:00:00,1.488,2,
2021/10/31 00:00:00,1.026,2,
2021/11/01 00:00:00,0.910,2,
2021/11/02 00:00:00,1.010,2,
2021/11/03 00:00:00,1.154,2,
2021/11/04 00:00:00,1.343,2,
2021/11/05 00:00:00,0.837,2,
2021/11/06 00:00:00,0.553,2,
2021/11/07 00:00:00,0.248,2,
2021/11/08 00:00:00,0.355,2,
2021/11/09 00:00:00,0.490,2,
2021/11/10 00:00:00,0.155,2,
2021/11/11 00:00:00,0.432,2,
2021/11/12 00:00:00,0.189,2,
2021/11/13 00:00:00,0.937,2,
2021/11/14 00:00:00,0.857,2,
2021/11/15 00:00:00,1.680,2,
2021/11/16 00:00:00,1.644,100,
2021/11/17 00:00:00,2.045,100,
2021/11/18 00:00:00,2.369,100,
2021/11/19 00:00:00,2.009,100,
2021/11/20 00:00:00,1.763,100,
2021/11/21 00:00:00,1.954,100,
2021/11/22 00:00:00,1.993,100,
2021/11/23 00:00:00,1.531,100,
2021/11/24 00:00:00,1.515,100,
2021/11/25 00:00:00,1.475,100,
2021/11/26 00:00:00,2.120,100,
2021/11/27 00:00:00,1.911,100,
2021/11/28 00:00:00,2.052,100,
2021/11/29 00:00:00,2.202,100,
2021/11/30 00:00:00,2.441,100,
2021/12/01 00:00:00,2.468,100,
2021/12/02 00:00:00,2.195,100,
2021/12/03 00:00:00,1.827,100,
2021/12/04 00:00:00,1.756,100,
2021/12/05 00:00:00,1.106,100,
2021/12/06 00:00:00,1.608,100,
2021/12/07 00:00:00,2.096,100,
2021/12/08 00:00:00,1.819,100,
2021/12/09 00:00:00,1.754,100,
2021/12/10 00:00:00,2.367,100,
2021/12/11 00:00:00,2.980,100,
2021/12/12 00:00:00,2.954,100,
2021/12/13 00:00:00,3.743,100,
2021/12/14 00:00:00,3.420,100,
2021/12/15 00:00:00,3.155,100,
2021/12/16 00:00:00,2.440,100,
2021/12/17 00:00:00,2.086,100,
2021/12/18 00:00:00,2.563,100,
2021/12/19 00:00:00,2.206,100,
2021/12/20 00:00:00,1.705,100,
2021/12/21 00:00:00,2.290,100,
2021/12/22 00:00:00,2.660,100,
2021/12/23 00:00:00,2.605,100,
2021/12/24 00:00:00,2.042,100,
2021/12/25 00:00:00,3.314,100,
2021/12/26 00:00:00,3.143,100,
2021/12/27 00:00:00,2.431,100,
2021/12/28 00:00:00,1.737,100,
2021/12/29 00:00:00,1.919,100,
2021/12/30 00:00:00,2.049,100,
2021/12/31 00:00:00,2.897,100,
2022/01/01 00:00:00,3.526,100,
2022/01/02 00:00:00,2.665,100,
2022/01/03 00:00:00,2.368,100,
2022/01/04 00:00:00,2.115,100,
2022/01/05 00:00:00,1.873,100,
2022/01/06 00:00:00,1.332,100,
2022/01/07 00:00:00,1.365,100,
2022/01/08 00:00:00,2.336,100,
2022/01/09 00:00:00,1.564,100,
2022/01/10 00:00:00,1.550,100,
2022/01/11 00:00:00,1.527,100,
2022/01/12 00:00:00,1.246,100,
2022/01/13 00:00:00,2.209,100,
2022/01/14 00:00:00,2.272,100,
2022/01/15 00:00:00,2.542,100,
2022/01/16 00:00:00,2.311,100,
2022/01/17 00:00:00,1.965,100,
2022/01/18 00:00:00,1.724,100,
2022/01/19 00:00:00,1.415,8,
2022/01/20 00:00:00,2.299,8,
2022/01/21 00:00:00,3.579,8,
2022/01/22 00:00:00,4.133,8,
2022/01/23 00:00:00,0.000,153,
2022/01/24 00:00:00,0.000,153,
2022/01/25 00:00:00,0.000,153,
2022/01/26 00:00:00,0.000,153,
2022/01/27 00:00:00,0.000,153,
2022/01/28 00:00:00,0.000,153,
2022/01/29 00:00:00,0.000,153,
2022/01/30 00:00:00,0.000,153,
2022/01/31 00:00:00,0.000,153,
2022/02/01 00:00:00,0.000,153,
2022/02/02 00:00:00,0.000,153,
2022/02/03 00:00:00,0.000,153,
2022/02/04 00:00:00,0.000,153,
2022/02/05 00:00:00,0.000,153,
2022/02/06 00:00:00,0.000,153,
2022/02/07 00:00:00,0.000,153,
2022/02/08 00:00:00,0.000,153,
2022/02/09 00:00:00,0.000,153,
2022/02/10 00:00:00,0.000,153,
2022/02/11 00:00:00,0.000,153,
2022/02/12 00:00:00,0.000,153,
2022/02/13 00:00:00,0.000,153,
2022/02/14 00:00:00,0.000,153,
2022/02/15 00:00:00,0.000,153,
2022/02/16 00:00:00,0.000,153,
2022/02/17 00:00:00,0.000,153,
2022/02/18 00:00:00,0.000,153,
2022/02/19 00:00:00,0.000,153,
2022/02/20 00:00:00,0.000,153,
2022/02/21 00:00:00,0.000,153,
2022/02/22 00:00:00,0.000,153,
2022/02/23 00:00:00,0.000,153,
2022/02/24 00:00:00,0.000,153,
2022/02/25 00:00:00,0.000,153,
2022/02/26 00:00:00,0.000,153,
2022/02/27 00:00:00,0.000,153,
2022/02/28 00:00:00,0.000,153,
2022/03/01 00:00:00,0.000,153,
2022/03/02 00:00:00,0.000,153,
2022/03/03 00:00:00,0.000,153,
2022/03/04 00:00:00,0.000,153,
2022/03/05 00:00:00,0.000,153,
2022/03/06 00:00:00,0.000,153,
2022/03/07 00:00:00,0.000,153,
2022/03/08 00:00:00,0.000,153,
2022/03/09 00:00:00,0.000,153,
2022/03/10 00:00:00,0.000,153,
2022/03/11 00:00:00,0.000,153,
2022/03/12 00:00:00,0.000,153,
2022/03/13 00:00:00,0.000,153,
2022/03/14 00:00:00,0.000,153,
2022/03/15 00:00:00,0.000,153,
2022/03/16 00:00:00,0.000,153,
2022/03/17 00:00:00,0.000,153,
2022/03/18 00:00:00,0.000,153,
2022/03/19 00:00:00,0.000,153,
2022/03/20 00:00:00,0.000,153,
2022/03/21 00:00:00,0.000,153,
2022/03/22 00:00:00,0.000,153,
2022/03/23 00:00:00,0.000,153,
2022/03/24 00:00:00,0.000,153,
2022/03/25 00:00:00,0.000,153,
2022/03/26 00:00:00,0.000,153,
2022/03/27 00:00:00,0.000,153,
2022/03/28 00:00:00,0.000,153,
2022/03/29 00:00:00,0.000,153,
2022/03/30 00:00:00,0.000,153,
2022/03/31 00:00:00,0.000,153,
2022/04/01 00:00:00,0.000,153,
2022/04/02 00:00:00,0.000,153,
2022/04/03 00:00:00,0.000,153,
2022/04/04 00:00:00,0.000,153,
2022/04/05 00:00:00,0.000,153,
2022/04/06 00:00:00,0.000,153,
2022/04/07 00:00:00,0.000,153,
2022/04/08 00:00:00,0.000,153,
2022/04/09 00:00:00,0.000,153,
2022/04/10 00:00:00,0.000,153,
2022/04/11 00:00:00,0.000,153,
2022/04/12 00:00:00,0.000,153,
2022/04/13 00:00:00,0.000,153,
2022/04/14 00:00:00,0.000,153,
2022/04/15 00:00:00,0.000,153,
2022/04/16 00:00:00,0.000,153,
2022/04/17 00:00:00,0.000,153,
2022/04/18 00:00:00,0.000,153,
2022/04/19 00:00:00,0.000,153,
2022/04/20 00:00:00,0.000,153,
2022/04/21 00:00:00,0.000,153,
2022/04/22 00:00:00,0.000,153,
2022/04/23 00:00:00,0.000,153,
2022/04/24 00:00:00,0.000,153,
2022/04/25 00:00:00,0.000,153,
2022/04/26 00:00:00,0.000,153,
2022/04/27 00:00:00,0.000,153,
2022/04/28 00:00:00,0.000,153,
2022/04/29 00:00:00,0.000,153,
2022/04/30 00:00:00,0.000,153,
2022/05/01 00:00:00,0.000,153,
2022/05/02 00:00:00,0.000,153,
2022/05/03 00:00:00,0.000,153,
2022/05/04 00:00:00,0.000,153,
2022/05/05 00:00:00,0.000,153,
2022/05/06 00:00:00,0.000,153,
2022/05/07 00:00:00,0.000,153,
2022/05/08 00:00:00,0.000,153,
2022/05/09 00:00:00,0.000,153,
2022/05/10 00:00:00,0.000,153,
2022/05/11 00:00:00,0.000,153,
2022/05/12 00:00:00,0.000,153,
2022/05/13 00:00:00,0.000,153,
2022/05/14 00:00:00,0.000,153,
2022/05/15 00:00:00,0.000,153,
2022/05/16 00:00:00,0.000,153,
2022/05/17 00:00:00,0.000,153,
2022/05/18 00:00:00,0.000,153,
2022/05/19 00:00:00,0.000,153,
2022/05/20 00:00:00,0.000,153,
2022/05/21 00:00:00,0.000,153,
2022/05/22 00:00:00,0.000,153,
2022/05/23 00:00:00,6.905,8,
2022/05/24 00:00:00,5.458,2,
2022/05/25 00:00:00,2.766,2,
2022/05/26 00:00:00,2.442,2,
2022/05/27 00:00:00,1.922,2,
2022/05/28 00:00:00,2.242,2,
2022/05/29 00:00:00,1.768,2,
2022/05/30 00:00:00,2.515,2,
2022/05/31 00:00:00,2.557,2,
2022/06/01 00:00:00,2.667,2,
2022/06/02 00:00:00,2.888,2,
2022/06/03 00:00:00,2.839,2,
2022/06/04 00:00:00,3.031,2,
2022/06/05 00:00:00,4.322,2,
2022/06/06 00:00:00,5.683,2,
2022/06/07 00:00:00,6.829,2,
2022/06/08 00:00:00,7.336,2,
2022/06/09 00:00:00,7.580,2,
2022/06/10 00:00:00,7.052,2,
2022/06/11 00:00:00,6.456,2,
2022/06/12 00:00:00,5.838,2,
2022/06/13 00:00:00,5.260,2,
2022/06/14 00:00:00,4.746,2,
2022/06/15 00:00:00,4.688,2,
2022/06/16 00:00:00,4.272,2,
2022/06/17 00:00:00,3.964,2,
2022/06/18 00:00:00,5.540,2,
2022/06/19 00:00:00,6.221,2,
2022/06/20 00:00:00,6.304,2,
2022/06/21 00:00:00,6.059,2,
2022/06/22 00:00:00,5.595,2,
2022/06/23 00:00:00,5.461,2,
2022/06/24 00:00:00,5.580,2,
2022/06/25 00:00:00,5.734,2,
2022/06/26 00:00:00,5.675,2,
2022/06/27 00:00:00,5.756,2,
2022/06/28 00:00:00,5.763,2,
2022/06/29 00:00:00,5.732,2,
2022/06/30 00:00:00,5.775,2,
2022/07/01 00:00:00,5.837,2,
2022/07/02 00:00:00,5.892,2,
2022/07/03 00:00:00,5.861,2,
2022/07/04 00:00:00,5.865,2,
2022/07/05 00:00:00,5.896,2,
2022/07/06 00:00:00,5.729,2,
2022/07/07 00:00:00,5.715,2,
2022/07/08 00:00:00,5.729,2,
2022/07/09 00:00:00,5.595,2,
2022/07/10 00:00:00,5.528,2,
2022/07/11 00:00:00,5.446,2,
2022/07/12 00:00:00,5.248,2,
2022/07/13 00:00:00,5.221,2,
2022/07/14 00:00:00,5.378,2,
2022/07/15 00:00:00,5.289,2,
2022/07/16 00:00:00,5.552,2,
2022/07/17 00:00:00,5.621,2,
2022/07/18 00:00:00,5.644,2,
2022/07/19 00:00:00,6.766,2,
2022/07/20 00:00:00,7.875,2,
2022/07/21 00:00:00,7.897,2,
2022/07/22 00:00:00,7.785,2,
2022/07/23 00:00:00,7.265,2,
2022/07/24 00:00:00,6.605,2,
2022/07/25 00:00:00,6.107,2,
2022/07/26 00:00:00,5.683,2,
2022/07/27 00:00:00,5.238,2,
2022/07/28 00:00:00,6.099,2,
2022/07/29 00:00:00,6.670,2,
2022/07/30 00:00:00,6.387,2,
2022/07/31 00:00:00,6.474,2,
2022/08/01 00:00:00,6.850,2,
2022/08/02 00:00:00,6.705,2,
2022/08/03 00:00:00,6.992,2,
2022/08/04 00:00:00,6.759,2,
2022/08/05 00:00:00,6.521,2,
2022/08/06 00:00:00,6.508,2,
2022/08/07 00:00:00,6.661,2,
2022/08/08 00:00:00,6.963,2,
2022/08/09 00:00:00,7.263,2,
2022/08/10 00:00:00,7.154,2,
2022/08/11 00:00:00,7.080,2,
2022/08/12 00:00:00,6.834,15,
2022/08/13 00:00:00,6.407,15,
2022/08/14 00:00:00,6.113,2,
2022/08/15 00:00:00,6.144,2,
2022/08/16 00:00:00,6.056,15,
2022/08/17 00:00:00,5.802,15,
2022/08/18 00:00:00,5.737,2,
2022/08/19 00:00:00,5.734,2,
2022/08/20 00:00:00,5.850,2,
2022/08/21 00:00:00,6.988,2,
2022/08/22 00:00:00,7.172,2,
2022/08/23 00:00:00,7.412,2,
2022/08/24 00:00:00,7.672,2,
2022/08/25 00:00:00,7.969,2,
2022/08/26 00:00:00,7.484,2,
2022/08/27 00:00:00,7.007,2,
2022/08/28 00:00:00,6.744,2,
2022/08/29 00:00:00,6.446,2,
2022/08/30 00:00:00,6.171,2,
2022/08/31 00:00:00,6.228,2,
2022/09/01 00:00:00,6.956,2,
2022/09/02 00:00:00,7.284,2,
2022/09/03 00:00:00,7.124,2,
2022/09/04 00:00:00,7.077,2,
2022/09/05 00:00:00,6.918,2,
2022/09/06 00:00:00,6.570,2,
2022/09/07 00:00:00,6.263,2,
2022/09/08 00:00:00,5.990,2,
2022/09/09 00:00:00,5.798,2,
2022/09/10 00:00:00,6.247,2,
2022/09/11 00:00:00,5.974,2,
2022/09/12 00:00:00,6.012,2,
2022/09/13 00:00:00,6.037,2,
2022/09/14 00:00:00,6.127,2,
2022/09/15 00:00:00,6.145,2,
2022/09/16 00:00:00,6.285,2,
2022/09/17 00:00:00,6.122,2,
2022/09/18 00:00:00,6.668,2,
2022/09/19 00:00:00,6.966,2,
2022/09/20 00:00:00,6.738,2,
2022/09/21 00:00:00,6.309,2,
2022/09/22 00:00:00,5.501,2,
2022/09/23 00:00:00,4.723,2,
2022/09/24 00:00:00,4.274,2,
2022/09/25 00:00:00,4.479,2,
2022/09/26 00:00:00,4.637,2,
2022/09/27 00:00:00,4.835,2,
2022/09/28 00:00:00,0.000,180,
2022/09/29 00:00:00,0.000,180,
2022/09/30 00:00:00,0.000,180,
2022/10/01 00:00:00,0.000,180,
2022/10/02 00:00:00,0.000,180,
2022/10/03 00:00:00,0.000,180,
2022/10/04 00:00:00,0.000,180,
2022/10/05 00:00:00,0.000,180,
2022/10/06 00:00:00,0.000,180,
2022/10/07 00:00:00,0.000,180,
2022/10/08 00:00:00,0.000,180,
2022/10/09 00:00:00,0.000,180,
2022/10/10 00:00:00,0.000,180,
2022/10/11 00:00:00,0.000,180,
2022/10/12 00:00:00,0.000,180,
2022/10/13 00:00:00,0.000,180,
2022/10/14 00:00:00,0.000,180,
2022/10/15 00:00:00,0.000,180,
2022/10/16 00:00:00,0.000,180,
2022/10/17 00:00:00,0.000,180,
2022/10/18 00:00:00,0.000,180,
2022/10/19 00:00:00,0.000,180,
2022/10/20 00:00:00,0.000,180,
2022/10/21 00:00:00,0.000,180,
2022/10/22 00:00:00,0.000,180,
2022/10/23 00:00:00,0.000,180,
2022/10/24 00:00:00,0.000,180,
2022/10/25 00:00:00,0.000,180,
2022/10/26 00:00:00,0.000,180,
2022/10/27 00:00:00,0.000,180,
2022/10/28 00:00:00,0.000,180,
2022/10/29 00:00:00,0.000,180,
2022/10/30 00:00:00,0.000,180,
2022/10/31 00:00:00,0.000,180,
2022/11/01 00:00:00,0.000,180,
2022/11/02 00:00:00,0.000,180,
2022/11/03 00:00:00,0.000,180,
2022/11/04 00:00:00,0.000,180,
2022/11/05 00:00:00,0.000,180,
2022/11/06 00:00:00,0.000,180,
2022/11/07 00:00:00,0.000,180,
2022/11/08 00:00:00,0.000,180,
2022/11/09 00:00:00,0.000,180,
2022/11/10 00:00:00,0.000,180,
2022/11/11 00:00:00,0.000,180,
2022/11/12 00:00:00,0.000,180,
2022/11/13 00:00:00,0.000,180,
2022/11/14 00:00:00,0.000,180,
2022/11/15 00:00:00,0.000,180,
2022/11/16 00:00:00,0.000,180,
2022/11/17 00:00:00,0.000,180,
2022/11/18 00:00:00,0.000,180,
2022/11/19 00:00:00,0.000,180,
2022/11/20 00:00:00,0.000,180,
2022/11/21 00:00:00,0.000,180,
2022/11/22 00:00:00,0.000,180,
2022/11/23 00:00:00,0.000,180,
2022/11/24 00:00:00,0.000,180,
2022/11/25 00:00:00,0.000,180,
2022/11/26 00:00:00,0.000,180,
2022/11/27 00:00:00,0.000,180,
2022/11/28 00:00:00,0.000,180,
2022/11/29 00:00:00,0.000,180,
2022/11/30 00:00:00,0.000,180,
2022/12/01 00:00:00,0.000,180,
2022/12/02 00:00:00,0.000,180,
2022/12/03 00:00:00,0.000,180,
2022/12/04 00:00:00,0.000,180,
2022/12/05 00:00:00,0.000,180,
2022/12/06 00:00:00,0.000,180,
2022/12/07 00:00:00,0.000,180,
2022/12/08 00:00:00,0.000,180,
2022/12/09 00:00:00,0.000,180,
2022/12/10 00:00:00,0.000,180,
2022/12/11 00:00:00,0.000,180,
2022/12/12 00:00:00,0.000,180,
2022/12/13 00:00:00,0.000,180,
2022/12/14 00:00:00,0.000,180,
2022/12/15 00:00:00,0.000,180,
2022/12/16 00:00:00,0.000,180,
2022/12/17 00:00:00,0.000,180,
2022/12/18 00:00:00,0.000,180,
2022/12/19 00:00:00,0.000,180,
2022/12/20 00:00:00,0.000,180,
2022/12/21 00:00:00,0.000,180,
2022/12/22 00:00:00,0.000,180,
2022/12/23 00:00:00,0.000,180,
2022/12/24 00:00:00,0.000,180,
2022/12/25 00:00:00,0.000,180,
2022/12/26 00:00:00,0.000,180,
2022/12/27 00:00:00,0.000,180,
2022/12/28 00:00:00,0.000,180,
2022/12/29 00:00:00,0.000,180,
2022/12/30 00:00:00,0.000,180,
2022/12/31 00:00:00,0.000,180,
2023/01/01 00:00:00,0.000,180,
2023/01/02 00:00:00,0.000,180,
2023/01/03 00:00:00,0.000,180,
2023/01/04 00:00:00,0.000,180,
2023/01/05 00:00:00,0.000,180,
2023/01/06 00:00:00,0.000,180,
2023/01/07 00:00:00,0.000,180,
2023/01/08 00:00:00,0.000,180,
2023/01/09 00:00:00,0.000,180,
2023/01/10 00:00:00,0.000,180,
2023/01/11 00:00:00,0.000,180,
2023/01/12 00:00:00,0.000,180,
2023/01/13 00:00:00,2.407,2,
2023/01/14 00:00:00,2.439,2,
2023/01/15 00:00:00,2.724,2,
2023/01/16 00:00:00,0.000,153,
2023/01/17 00:00:00,0.000,153,
2023/01/18 00:00:00,0.000,153,
2023/01/19 00:00:00,0.000,153,
2023/01/20 00:00:00,0.000,153,
2023/01/21 00:00:00,0.000,153,
2023/01/22 00:00:00,2.634,2,
2023/01/23 00:00:00,0.000,153,
2023/01/24 00:00:00,0.000,153,
2023/01/25 00:00:00,0.000,153,
2023/01/26 00:00:00,0.000,153,
2023/01/27 00:00:00,0.000,153,
2023/01/28 00:00:00,0.000,153,
2023/01/29 00:00:00,0.000,153,
2023/01/30 00:00:00,0.000,153,
2023/01/31 00:00:00,1.666,2,
2023/02/01 00:00:00,2.604,2,
2023/02/02 00:00:00,2.258,2,
2023/02/03 00:00:00,1.691,2,
2023/02/04 00:00:00,1.714,2,
2023/02/05 00:00:00,2.014,2,
2023/02/06 00:00:00,2.651,2,
2023/02/07 00:00:00,2.639,2,
2023/02/08 00:00:00,2.452,2,
2023/02/09 00:00:00,1.855,2,
2023/02/10 00:00:00,1.904,2,
2023/02/11 00:00:00,2.303,2,
2023/02/12 00:00:00,2.144,2,
2023/02/13 00:00:00,2.522,2,
2023/02/14 00:00:00,1.596,2,
2023/02/15 00:00:00,3.141,2,
2023/02/16 00:00:00,5.228,2,
2023/02/17 00:00:00,4.268,2,
2023/02/18 00:00:00,4.512,2,
2023/02/19 00:00:00,0.000,153,
2023/02/20 00:00:00,0.000,153,
2023/02/21 00:00:00,2.959,2,
2023/02/22 00:00:00,0.000,153,
2023/02/23 00:00:00,0.000,153,
2023/02/24 00:00:00,0.000,153,
2023/02/25 00:00:00,1.525,100,
2023/02/26 00:00:00,2.540,100,
2023/02/27 00:00:00,2.081,100,
2023/02/28 00:00:00,0.000,153,
2023/03/01 00:00:00,0.000,153,
2023/03/02 00:00:00,0.000,153,
2023/03/03 00:00:00,0.000,153,
2023/03/04 00:00:00,0.000,153,
2023/03/05 00:00:00,0.000,153,
2023/03/06 00:00:00,0.000,153,
2023/03/07 00:00:00,0.000,153,
2023/03/08 00:00:00,0.000,153,
2023/03/09 00:00:00,0.000,153,
2023/03/10 00:00:00,0.000,153,
2023/03/11 00:00:00,0.000,153,
2023/03/12 00:00:00,0.000,153,
2023/03/13 00:00:00,0.000,153,
2023/03/14 00:00:00,0.000,153,
2023/03/15 00:00:00,0.000,153,
2023/03/16 00:00:00,0.000,153,
2023/03/17 00:00:00,0.000,153,
2023/03/18 00:00:00,0.000,153,
2023/03/19 00:00:00,0.000,153,
2023/03/20 00:00:00,0.000,153,
2023/03/21 00:00:00,0.000,153,
2023/03/22 00:00:00,0.000,153,
2023/03/23 00:00:00,0.000,153,
2023/03/24 00:00:00,1.710,2,
2023/03/25 00:00:00,0.000,153,
2023/03/26 00:00:00,0.000,153,
2023/03/27 00:00:00,0.000,153,
2023/03/28 00:00:00,0.000,153,
2023/03/29 00:00:00,0.000,153,
2023/03/30 00:00:00,0.000,153,
2023/03/31 00:00:00,0.000,153,
2023/04/01 00:00:00,0.000,153,
2023/04/02 00:00:00,0.000,153,
2023/04/03 00:00:00,0.000,153,
2023/04/04 00:00:00,0.000,153,
2023/04/05 00:00:00,0.000,153,
2023/04/06 00:00:00,0.000,153,
2023/04/07 00:00:00,0.000,153,
2023/04/08 00:00:00,0.000,153,
2023/04/09 00:00:00,0.000,153,
2023/04/10 00:00:00,0.821,2,
2023/04/11 00:00:00,1.115,2,
2023/04/12 00:00:00,1.680,2,
2023/04/13 00:00:00,0.000,153,
2023/04/14 00:00:00,0.797,2,
2023/04/15 00:00:00,1.438,2,
2023/04/16 00:00:00,2.172,2,
2023/04/17 00:00:00,1.670,2,
2023/04/18 00:00:00,1.279,2,
2023/04/19 00:00:00,1.404,2,
2023/04/20 00:00:00,2.087,2,
2023/04/21 00:00:00,2.087,2,
2023/04/22 00:00:00,1.874,2,
2023/04/23 00:00:00,1.606,2,
2023/04/24 00:00:00,1.313,2,
2023/04/25 00:00:00,1.307,2,
2023/04/26 00:00:00,1.212,2,
2023/04/27 00:00:00,1.864,2,
2023/04/28 00:00:00,1.721,2,
2023/04/29 00:00:00,1.260,2,
2023/04/30 00:00:00,1.303,2,
2023/05/01 00:00:00,1.329,2,
2023/05/02 00:00:00,1.451,2,
2023/05/03 00:00:00,1.697,2,
2023/05/04 00:00:00,1.455,2,
2023/05/05 00:00:00,1.542,2,
2023/05/06 00:00:00,1.858,2,
2023/05/07 00:00:00,2.429,2,
2023/05/08 00:00:00,2.832,2,
2023/05/09 00:00:00,3.175,2,
2023/05/10 00:00:00,2.837,2,
2023/05/11 00:00:00,2.666,2,
2023/05/12 00:00:00,1.934,2,
2023/05/13 00:00:00,2.006,2,
2023/05/14 00:00:00,2.129,2,
2023/05/15 00:00:00,2.162,2,
2023/05/16 00:00:00,2.657,2,
2023/05/17 00:00:00,2.925,2,
2023/05/18 00:00:00,2.861,2,
2023/05/19 00:00:00,2.653,2,
2023/05/20 00:00:00,2.295,2,
2023/05/21 00:00:00,2.661,2,
2023/05/22 00:00:00,3.378,2,
2023/05/23 00:00:00,3.410,2,
2023/05/24 00:00:00,3.125,2,
2023/05/25 00:00:00,3.181,2,
2023/05/26 00:00:00,3.204,2,
2023/05/27 00:00:00,2.778,2,
2023/05/28 00:00:00,2.880,2,
2023/05/29 00:00:00,2.984,2,
2023/05/30 00:00:00,2.804,2,
2023/05/31 00:00:00,2.268,2,
2023/06/01 00:00:00,2.928,2,
2023/06/02 00:00:00,3.312,2,
2023/06/03 00:00:00,3.596,2,
2023/06/04 00:00:00,3.603,2,
2023/06/05 00:00:00,3.903,2,
2023/06/06 00:00:00,4.506,2,
2023/06/07 00:00:00,4.572,2,
2023/06/08 00:00:00,7.661,2,
2023/06/09 00:00:00,7.239,2,
2023/06/10 00:00:00,4.953,2,
2023/06/11 00:00:00,4.993,2,
2023/06/12 00:00:00,5.822,2,
2023/06/13 00:00:00,6.308,2,
2023/06/14 00:00:00,6.589,2,
2023/06/15 00:00:00,6.850,2,
2023/06/16 00:00:00,6.823,2,
2023/06/17 00:00:00,6.818,2,
2023/06/18 00:00:00,6.903,2,
2023/06/19 00:00:00,6.946,2,
2023/06/20 00:00:00,7.037,2,
2023/06/21 00:00:00,8.400,2,
2023/06/22 00:00:00,9.049,2,
2023/06/23 00:00:00,8.929,2,
2023/06/24 00:00:00,8.976,2,
2023/06/25 00:00:00,8.592,2,
2023/06/26 00:00:00,8.259,2,
2023/06/27 00:00:00,8.152,2,
2023/06/28 00:00:00,8.260,2,
2023/06/29 00:00:00,8.386,2,
2023/06/30 00:00:00,8.690,2,
2023/07/01 00:00:00,8.651,2,
2023/07/02 00:00:00,8.501,2,
2023/07/03 00:00:00,8.400,2,
2023/07/04 00:00:00,8.293,2,
2023/07/05 00:00:00,7.992,2,
2023/07/06 00:00:00,7.909,2,
2023/07/07 00:00:00,8.513,2,
2023/07/08 00:00:00,8.522,2,
2023/07/09 00:00:00,8.783,2,
2023/07/10 00:00:00,8.977,2,
2023/07/11 00:00:00,8.680,2,
2023/07/12 00:00:00,8.439,2,
2023/07/13 00:00:00,8.337,2,
2023/07/14 00:00:00,8.191,2,
2023/07/15 00:00:00,8.100,2,
2023/07/16 00:00:00,8.016,2,
2023/07/17 00:00:00,8.133,2,
2023/07/18 00:00:00,0.000,180,
2023/07/19 00:00:00,0.000,180,
2023/07/20 00:00:00,0.000,180,
2023/07/21 00:00:00,0.000,180,
2023/07/22 00:00:00,0.000,180,
2023/07/23 00:00:00,0.000,180,
2023/07/24 00:00:00,0.000,180,
2023/07/25 00:00:00,0.000,180,
2023/07/26 00:00:00,0.000,180,
2023/07/27 00:00:00,0.000,180,
2023/07/28 00:00:00,0.000,180,
2023/07/29 00:00:00,0.000,180,
2023/07/30 00:00:00,0.000,180,
2023/07/31 00:00:00,0.000,180,
2023/08/01 00:00:00,0.000,180,
2023/08/02 00:00:00,0.000,180,
2023/08/03 00:00:00,0.000,180,
2023/08/04 00:00:00,0.000,180,
2023/08/05 00:00:00,0.000,180,
2023/08/06 00:00:00,0.000,180,
2023/08/07 00:00:00,0.000,180,
2023/08/08 00:00:00,0.000,180,
2023/08/09 00:00:00,0.000,180,
2023/08/10 00:00:00,0.000,180,
2023/08/11 00:00:00,0.000,180,
2023/08/12 00:00:00,0.000,180,
2023/08/13 00:00:00,0.000,180,
2023/08/14 00:00:00,0.000,180,
2023/08/15 00:00:00,0.000,180,
2023/08/16 00:00:00,0.000,180,
2023/08/17 00:00:00,0.000,180,
2023/08/18 00:00:00,0.000,180,
2023/08/19 00:00:00,0.000,180,
2023/08/20 00:00:00,0.000,180,
2023/08/21 00:00:00,0.000,180,
2023/08/22 00:00:00,0.000,180,
2023/08/23 00:00:00,0.000,180,
2023/08/24 00:00:00,0.000,180,
2023/08/25 00:00:00,0.000,180,
2023/08/26 00:00:00,0.000,180,
2023/08/27 00:00:00,0.000,180,
2023/08/28 00:00:00,0.000,180,
2023/08/29 00:00:00,0.000,180,
2023/08/30 00:00:00,0.000,180,
2023/08/31 00:00:00,0.000,180,
2023/09/01 00:00:00,0.000,180,
2023/09/02 00:00:00,0.000,180,
2023/09/03 00:00:00,0.000,180,
2023/09/04 00:00:00,0.000,180,
2023/09/05 00:00:00,0.000,180,
2023/09/06 00:00:00,0.000,180,
2023/09/07 00:00:00,0.000,180,
2023/09/08 00:00:00,0.000,180,
2023/09/09 00:00:00,0.000,180,
2023/09/10 00:00:00,0.000,180,
2023/09/11 00:00:00,0.000,180,
2023/09/12 00:00:00,0.000,180,
2023/09/13 00:00:00,0.000,180,
2023/09/14 00:00:00,0.000,180,
2023/09/15 00:00:00,0.000,180,
2023/09/16 00:00:00,0.000,180,
2023/09/17 00:00:00,0.000,180,
2023/09/18 00:00:00,0.000,180,
2023/09/19 00:00:00,0.000,180,
2023/09/20 00:00:00,0.000,180,
2023/09/21 00:00:00,0.000,180,
2023/09/22 00:00:00,0.000,180,
2023/09/23 00:00:00,0.000,180,
2023/09/24 00:00:00,0.000,180,
2023/09/25 00:00:00,0.000,180,
2023/09/26 00:00:00,0.000,180,
2023/09/27 00:00:00,0.000,180,
2023/09/28 00:00:00,0.000,180,
2023/09/29 00:00:00,0.000,180,
2023/09/30 00:00:00,0.000,180,
2023/10/01 00:00:00,0.000,180,
2023/10/02 00:00:00,0.000,180,
2023/10/03 00:00:00,0.000,180,
2023/10/04 00:00:00,0.000,180,
2023/10/05 00:00:00,0.000,180,
2023/10/06 00:00:00,0.000,180,
2023/10/07 00:00:00,0.000,180,
2023/10/08 00:00:00,0.000,180,
2023/10/09 00:00:00,0.000,180,
2023/10/10 00:00:00,0.000,180,
2023/10/11 00:00:00,0.000,180,
2023/10/12 00:00:00,0.000,180,
2023/10/13 00:00:00,0.000,180,
2023/10/14 00:00:00,0.000,180,
2023/10/15 00:00:00,0.000,180,
2023/10/16 00:00:00,0.000,180,
2023/10/17 00:00:00,0.000,180,
2023/10/18 00:00:00,0.000,180,
2023/10/19 00:00:00,0.000,180,
2023/10/20 00:00:00,0.000,180,
2023/10/21 00:00:00,0.000,180,
2023/10/22 00:00:00,0.000,180,
2023/10/23 00:00:00,0.000,180,
2023/10/24 00:00:00,0.000,180,
2023/10/25 00:00:00,0.000,180,
2023/10/26 00:00:00,3.363,2,
2023/10/27 00:00:00,3.258,2,
2023/10/28 00:00:00,3.275,2,
2023/10/29 00:00:00,2.803,2,
2023/10/30 00:00:00,2.367,2,
2023/10/31 00:00:00,2.248,2,
2023/11/01 00:00:00,2.211,2,
2023/11/02 00:00:00,2.208,2,
2023/11/03 00:00:00,2.249,2,
2023/11/04 00:00:00,2.241,2,
2023/11/05 00:00:00,1.814,2,
2023/11/06 00:00:00,1.476,2,
2023/11/07 00:00:00,1.062,2,
2023/11/08 00:00:00,0.555,2,
2023/11/09 00:00:00,0.000,153,
2023/11/10 00:00:00,0.000,153,
2023/11/11 00:00:00,0.000,153,
2023/11/12 00:00:00,0.000,153,
2023/11/13 00:00:00,0.000,153,
2023/11/14 00:00:00,0.000,153,
2023/11/15 00:00:00,0.000,153,
2023/11/16 00:00:00,0.000,153,
2023/11/17 00:00:00,0.000,153,
2023/11/18 00:00:00,0.000,153,
2023/11/19 00:00:00,0.000,153,
2023/11/20 00:00:00,0.000,153,
2023/11/21 00:00:00,0.000,153,
2023/11/22 00:00:00,0.000,153,
2023/11/23 00:00:00,0.000,153,
2023/11/24 00:00:00,0.000,153,
2023/11/25 00:00:00,0.000,153,
2023/11/26 00:00:00,0.000,153,
2023/11/27 00:00:00,0.000,153,
2023/11/28 00:00:00,0.000,153,
2023/11/29 00:00:00,0.000,153,
2023/11/30 00:00:00,0.000,153,
2023/12/01 00:00:00,0.000,153,
2023/12/02 00:00:00,0.000,153,
2023/12/03 00:00:00,0.000,153,
2023/12/04 00:00:00,0.000,153,
2023/12/05 00:00:00,0.000,153,
2023/12/06 00:00:00,0.000,153,
2023/12/07 00:00:00,0.000,153,
2023/12/08 00:00:00,0.000,153,
2023/12/09 00:00:00,0.000,153,
2023/12/10 00:00:00,0.000,153,
2023/12/11 00:00:00,1.317,2,
2023/12/12 00:00:00,1.750,2,
2023/12/13 00:00:00,2.505,2,
2023/12/14 00:00:00,2.192,2,
2023/12/15 00:00:00,2.618,2,
2023/12/16 00:00:00,3.018,2,
2023/12/17 00:00:00,2.485,2,
2023/12/18 00:00:00,0.000,153,
2023/12/19 00:00:00,0.000,153,
2023/12/20 00:00:00,1.539,11,
2023/12/21 00:00:00,2.228,11,
2023/12/22 00:00:00,2.691,11,
2023/12/23 00:00:00,2.745,11,
2023/12/24 00:00:00,2.323,11,
2023/12/25 00:00:00,0.000,180,
2023/12/26 00:00:00,0.000,180,
2023/12/27 00:00:00,0.000,180,
2023/12/28 00:00:00,0.000,180,
2023/12/29 00:00:00,0.000,180,
2023/12/30 00:00:00,0.000,180,
2023/12/31 00:00:00,0.000,180,
2024/01/01 00:00:00,0.000,180,
2024/01/02 00:00:00,0.000,180,
2024/01/03 00:00:00,0.000,180,
2024/01/04 00:00:00,0.000,180,
2024/01/05 00:00:00,0.000,180,
2024/01/06 00:00:00,0.000,180,
2024/01/07 00:00:00,0.000,180,
2024/01/08 00:00:00,0.000,180,
2024/01/09 00:00:00,0.000,180,
2024/01/10 00:00:00,0.000,180,
2024/01/11 00:00:00,0.000,180,
2024/01/12 00:00:00,0.000,180,
2024/01/13 00:00:00,0.000,180,
2024/01/14 00:00:00,0.000,180,
2024/01/15 00:00:00,0.000,180,
2024/01/16 00:00:00,0.000,180,
2024/01/17 00:00:00,0.000,180,
2024/01/18 00:00:00,0.000,180,
2024/01/19 00:00:00,0.000,180,
2024/01/20 00:00:00,0.000,180,
2024/01/21 00:00:00,0.000,180,
2024/01/22 00:00:00,0.000,180,
2024/01/23 00:00:00,0.000,180,
2024/01/24 00:00:00,0.000,180,
2024/01/25 00:00:00,0.000,180,
2024/01/26 00:00:00,0.000,180,
2024/01/27 00:00:00,0.000,180,
2024/01/28 00:00:00,0.000,180,
2024/01/29 00:00:00,0.000,180,
2024/01/30 00:00:00,0.000,180,
2024/01/31 00:00:00,0.000,180,
2024/02/01 00:00:00,0.000,180,
2024/02/02 00:00:00,0.000,180,
2024/02/03 00:00:00,0.000,153,
2024/02/04 00:00:00,0.000,153,
2024/02/05 00:00:00,0.000,153,
2024/02/06 00:00:00,0.000,153,
2024/02/07 00:00:00,0.000,153,
2024/02/08 00:00:00,0.000,153,
2024/02/09 00:00:00,0.000,153,
2024/02/10 00:00:00,0.000,153,
2024/02/11 00:00:00,0.000,153,
2024/02/12 00:00:00,0.000,153,
2024/02/13 00:00:00,0.000,153,
2024/02/14 00:00:00,0.000,153,
2024/02/15 00:00:00,0.000,153,
2024/02/16 00:00:00,0.000,153,
2024/02/17 00:00:00,0.000,153,
2024/02/18 00:00:00,0.000,153,
2024/02/19 00:00:00,0.000,153,
2024/02/20 00:00:00,0.000,153,
2024/02/21 00:00:00,0.000,153,
2024/02/22 00:00:00,0.000,153,
2024/02/23 00:00:00,0.000,153,
2024/02/24 00:00:00,0.000,153,
2024/02/25 00:00:00,0.000,153,
2024/02/26 00:00:00,0.000,153,
2024/02/27 00:00:00,0.000,153,
2024/02/28 00:00:00,0.000,153,
2024/02/29 00:00:00,0.000,153,
2024/03/01 00:00:00,0.000,153,
2024/03/02 00:00:00,0.000,153,
2024/03/03 00:00:00,0.000,153,
2024/03/04 00:00:00,0.000,153,
2024/03/05 00:00:00,0.000,153,
2024/03/06 00:00:00,0.000,153,
2024/03/07 00:00:00,0.000,153,
2024/03/08 00:00:00,0.000,153,
2024/03/09 00:00:00,0.000,153,
2024/03/10 00:00:00,0.000,153,
2024/03/11 00:00:00,0.000,153,
2024/03/12 00:00:00,0.000,153,
2024/03/13 00:00:00,0.000,153,
2024/03/14 00:00:00,0.000,153,
2024/03/15 00:00:00,0.000,153,
2024/03/16 00:00:00,0.000,153,
2024/03/17 00:00:00,0.000,153,
2024/03/18 00:00:00,0.000,153,
2024/03/19 00:00:00,0.000,153,
2024/03/20 00:00:00,0.000,153,
2024/03/21 00:00:00,0.000,153,
2024/03/22 00:00:00,0.000,153,
2024/03/23 00:00:00,0.000,153,
2024/03/24 00:00:00,0.000,153,
2024/03/25 00:00:00,0.000,153,
2024/03/26 00:00:00,3.372,8,
2024/03/27 00:00:00,3.518,8,
2024/03/28 00:00:00,4.317,8,
2024/03/29 00:00:00,4.873,8,
2024/03/30 00:00:00,5.809,8,
2024/03/31 00:00:00,5.935,8,
2024/04/01 00:00:00,3.907,8,
2024/04/02 00:00:00,2.664,8,
2024/04/03 00:00:00,2.580,8,
2024/04/04 00:00:00,2.946,8,
2024/04/05 00:00:00,2.524,8,
2024/04/06 00:00:00,2.045,8,
2024/04/07 00:00:00,1.837,15,
2024/04/08 00:00:00,0.671,15,
2024/04/09 00:00:00,0.679,15,
2024/04/10 00:00:00,0.765,15,
2024/04/11 00:00:00,0.832,15,
2024/04/12 00:00:00,0.000,153,
2024/04/13 00:00:00,0.000,153,
2024/04/14 00:00:00,0.000,153,
2024/04/15 00:00:00,1.100,15,
2024/04/16 00:00:00,1.174,2,
2024/04/17 00:00:00,1.349,2,
2024/04/18 00:00:00,1.349,2,
2024/04/19 00:00:00,1.713,2,
2024/04/20 00:00:00,1.667,2,
2024/04/21 00:00:00,1.580,2,
2024/04/22 00:00:00,1.526,2,
2024/04/23 00:00:00,1.396,2,
2024/04/24 00:00:00,1.845,2,
2024/04/25 00:00:00,1.832,2,
2024/04/26 00:00:00,2.098,2,
2024/04/27 00:00:00,1.806,2,
2024/04/28 00:00:00,1.894,2,
2024/04/29 00:00:00,2.204,2,
2024/04/30 00:00:00,2.267,2,
2024/05/01 00:00:00,1.641,2,
2024/05/02 00:00:00,1.654,2,
2024/05/03 00:00:00,1.646,2,
2024/05/04 00:00:00,1.576,2,
2024/05/05 00:00:00,1.499,2,
2024/05/06 00:00:00,1.626,2,
2024/05/07 00:00:00,1.800,2,
2024/05/08 00:00:00,1.688,2,
2024/05/09 00:00:00,1.855,2,
2024/05/10 00:00:00,1.829,2,
2024/05/11 00:00:00,2.407,2,
2024/05/12 00:00:00,1.757,2,
2024/05/13 00:00:00,1.280,2,
2024/05/14 00:00:00,1.457,2,
2024/05/15 00:00:00,1.081,2,
2024/05/16 00:00:00,0.938,2,
2024/05/17 00:00:00,0.791,2,
2024/05/18 00:00:00,1.326,2,
2024/05/19 00:00:00,1.149,2,
2024/05/20 00:00:00,1.471,2,
2024/05/21 00:00:00,1.488,2,
2024/05/22 00:00:00,1.444,2,
2024/05/23 00:00:00,1.197,2,
2024/05/24 00:00:00,1.060,2,
2024/05/25 00:00:00,0.961,2,
2024/05/26 00:00:00,1.058,2,
2024/05/27 00:00:00,1.014,2,
2024/05/28 00:00:00,0.964,2,
2024/05/29 00:00:00,1.137,2,
2024/05/30 00:00:00,2.050,2,
2024/05/31 00:00:00,2.738,2,
2024/06/01 00:00:00,2.716,2,
2024/06/02 00:00:00,3.210,2,
2024/06/03 00:00:00,2.785,2,
2024/06/04 00:00:00,3.333,2,
2024/06/05 00:00:00,4.185,2,
2024/06/06 00:00:00,4.550,2,
2024/06/07 00:00:00,4.257,2,
2024/06/08 00:00:00,4.270,2,
2024/06/09 00:00:00,3.477,2,
2024/06/10 00:00:00,2.966,2,
2024/06/11 00:00:00,3.363,2,
2024/06/12 00:00:00,3.423,2,
2024/06/13 00:00:00,3.550,2,
2024/06/14 00:00:00,2.729,2,
2024/06/15 00:00:00,1.996,2,
2024/06/16 00:00:00,2.672,2,
2024/06/17 00:00:00,3.201,2,
2024/06/18 00:00:00,3.570,2,
2024/06/19 00:00:00,3.944,2,
2024/06/20 00:00:00,3.929,2,
2024/06/21 00:00:00,4.038,2,
2024/06/22 00:00:00,4.304,2,
2024/06/23 00:00:00,4.527,2,
2024/06/24 00:00:00,4.938,2,
2024/06/25 00:00:00,5.096,2,
2024/06/26 00:00:00,5.068,2,
2024/06/27 00:00:00,4.498,2,
2024/06/28 00:00:00,4.414,2,
2024/06/29 00:00:00,4.953,2,
2024/06/30 00:00:00,5.052,2,
2024/07/01 00:00:00,5.057,2,
2024/07/02 00:00:00,4.802,2,
2024/07/03 00:00:00,4.932,2,
2024/07/04 00:00:00,5.344,2,
2024/07/05 00:00:00,6.207,2,
2024/07/06 00:00:00,6.727,2,
2024/07/07 00:00:00,7.019,2,
2024/07/08 00:00:00,7.055,2,
2024/07/09 00:00:00,6.795,2,
2024/07/10 00:00:00,6.570,2,
2024/07/11 00:00:00,6.811,2,
2024/07/12 00:00:00,6.084,2,
2024/07/13 00:00:00,5.348,2,
2024/07/14 00:00:00,4.801,2,
2024/07/15 00:00:00,5.097,2,
2024/07/16 00:00:00,5.460,2,
2024/07/17 00:00:00,5.508,2,
2024/07/18 00:00:00,5.221,2,
2024/07/19 00:00:00,5.435,2,
2024/07/20 00:00:00,6.017,2,
2024/07/21 00:00:00,6.576,2,
2024/07/22 00:00:00,5.934,2,
2024/07/23 00:00:00,5.489,2,
2024/07/24 00:00:00,5.652,2,
2024/07/25 00:00:00,6.339,2,
2024/07/26 00:00:00,6.345,2,
2024/07/27 00:00:00,6.089,2,
2024/07/28 00:00:00,6.098,2,
2024/07/29 00:00:00,6.209,2,
2024/07/30 00:00:00,5.749,2,
2024/07/31 00:00:00,5.606,2,
2024/08/01 00:00:00,5.635,2,
2024/08/02 00:00:00,5.855,2,
2024/08/03 00:00:00,5.983,2,
2024/08/04 00:00:00,5.978,2,
2024/08/05 00:00:00,5.859,2,
2024/08/06 00:00:00,5.790,2,
2024/08/07 00:00:00,5.488,2,
2024/08/08 00:00:00,5.630,2,
2024/08/09 00:00:00,5.340,2,
2024/08/10 00:00:00,4.784,2,
2024/08/11 00:00:00,4.432,2,
2024/08/12 00:00:00,4.191,2,
2024/08/13 00:00:00,4.041,2,
2024/08/14 00:00:00,3.850,2,
2024/08/15 00:00:00,3.506,2,
2024/08/16 00:00:00,3.574,2,
2024/08/17 00:00:00,3.289,2,
2024/08/18 00:00:00,3.041,2,
2024/08/19 00:00:00,3.165,2,
2024/08/20 00:00:00,3.764,2,
2024/08/21 00:00:00,3.791,3,
2024/08/22 00:00:00,3.933,3,
2024/08/23 00:00:00,4.250,3,
2024/08/24 00:00:00,4.410,3,
2024/08/25 00:00:00,3.897,3,
2024/08/26 00:00:00,3.545,3,
2024/08/27 00:00:00,4.060,3,
2024/08/28 00:00:00,4.101,3,
2024/08/29 00:00:00,4.345,3,
2024/08/30 00:00:00,4.198,3,
2024/08/31 00:00:00,4.017,3,
2024/09/01 00:00:00,3.620,3,
2024/09/02 00:00:00,4.327,3,
2024/09/03 00:00:00,4.914,3,
2024/09/04 00:00:00,4.958,3,
2024/09/05 00:00:00,4.629,3,
2024/09/06 00:00:00,4.065,3,
2024/09/07 00:00:00,3.342,3,
2024/09/08 00:00:00,3.277,3,
