Date Time,Oxygen,QUALITY,Streamflow,Temperature
2020-04-08,0.0,255,512.11,0.0
2020-04-09,9.005,2,473.18,16.1
2020-04-10,8.814,2,392.14,16.8
2020-04-11,8.904,2,351.61,16.3
2020-04-12,9.549,2,342.67,14.4
2020-04-13,9.643,2,304.49,13.9
2020-04-14,9.633,2,276.58,13.8
2020-04-15,9.476,2,262.68,14.8
2020-04-16,9.024,2,235.69,15.7
2020-04-17,8.973,2,213.98,15.8
2020-04-18,9.044,2,208.63,15.2
2020-04-19,8.909,2,196.73,14.7
2020-04-20,8.621,2,194.29,14.3
2020-04-21,8.46,2,190.61,14.1
2020-04-22,8.107,2,181.98,14.3
2020-04-23,7.935,2,173.73,13.6
2020-04-24,7.359,2,173.22,14.4
2020-04-25,7.806,2,176.48,14.1
2020-04-26,7.719,2,179.35,13.9
2020-04-27,8.945,2,340.24,13.6
2020-04-28,9.536,2,233.14,13.1
2020-04-29,7.754,2,1117.47,14.5
2020-04-30,8.91,2,5761.44,13.3
2020-05-01,10.414,2,5001.52,10.7
2020-05-02,10.76,2,3712.41,10.1
2020-05-03,10.77,2,2923.55,10.7
2020-05-04,10.949,2,2320.96,10.3
2020-05-05,10.956,2,1937.19,10.4
2020-05-06,10.909,2,1675.18,10.5
2020-05-07,10.711,2,1486.62,10.9
2020-05-08,10.219,2,1355.08,12.4
2020-05-09,9.924,2,1274.07,12.6
2020-05-10,10.477,2,1283.91,11.0
2020-05-11,10.901,2,1123.88,9.9
2020-05-12,11.007,2,1028.05,9.4
2020-05-13,10.914,2,972.33,9.6
2020-05-14,10.823,2,925.5,10.0
2020-05-15,10.956,2,869.47,9.5
2020-05-16,11.082,2,823.24,9.1
2020-05-17,11.085,2,785.41,9.2
2020-05-18,11.004,2,749.26,9.4
2020-05-19,10.902,2,716.62,9.7
2020-05-20,10.343,2,812.97,10.8
2020-05-21,10.487,2,851.73,10.3
2020-05-22,10.68,2,732.03,10.0
2020-05-23,10.544,2,685.32,10.4
2020-05-24,10.707,2,654.73,9.8
2020-05-25,10.757,2,628.28,9.8
2020-05-26,10.797,2,605.13,9.6
2020-05-27,10.736,2,591.7,9.8
2020-05-28,10.547,2,576.79,10.4
2020-05-29,10.602,2,558.46,10.2
2020-05-30,10.925,2,542.79,9.1
2020-05-31,10.876,2,531.38,9.1
2020-06-01,10.5,2,537.54,9.9
2020-06-02,10.681,2,612.29,9.6
2020-06-03,10.705,2,551.19,10.0
2020-06-04,11.133,2,517.72,8.9
2020-06-05,11.534,2,492.36,7.6
2020-06-06,11.745,2,479.64,6.9
2020-06-07,11.866,2,469.32,6.5
2020-06-08,11.993,2,456.21,6.3
2020-06-09,12.069,2,442.88,6.2
2020-06-10,11.936,2,432.46,6.5
2020-06-11,11.679,2,425.12,7.1
2020-06-12,11.448,2,417.17,7.7
2020-06-13,11.4,2,408.75,7.7
2020-06-14,10.942,2,623.35,9.0
2020-06-15,10.718,2,740.73,9.9
2020-06-16,10.661,2,705.81,10.4
2020-06-17,10.641,2,704.66,10.8
2020-06-18,10.803,2,666.03,10.4
2020-06-19,11.041,2,646.17,9.3
2020-06-20,10.903,2,711.13,9.4
2020-06-21,10.323,2,2393.56,9.8
2020-06-22,10.845,2,2001.28,9.1
2020-06-23,10.918,2,1769.37,9.2
2020-06-24,10.833,2,1625.31,9.7
2020-06-25,10.748,2,1518.87,10.1
2020-06-26,10.806,2,1424.08,10.0
2020-06-27,11.211,2,1327.39,8.7
2020-06-28,11.594,2,1242.87,7.5
2020-06-29,11.755,2,1164.64,7.0
2020-06-30,11.667,2,1096.48,7.1
2020-07-01,11.254,2,1040.49,8.2
2020-07-02,10.882,2,1032.67,9.3
2020-07-03,11.004,2,1055.57,9.0
2020-07-04,11.289,2,1278.47,8.1
2020-07-05,11.213,2,1133.94,8.6
2020-07-06,11.391,2,1074.86,8.0
2020-07-07,11.685,2,1032.59,7.2
2020-07-08,11.777,2,1002.56,7.0
2020-07-09,11.756,2,977.75,6.9
2020-07-10,11.594,2,948.86,7.3
2020-07-11,11.383,2,924.52,7.7
2020-07-12,11.126,2,913.11,8.5
2020-07-13,11.064,2,977.15,8.8
2020-07-14,11.212,2,983.28,8.5
2020-07-15,11.288,2,903.65,8.2
2020-07-16,11.436,2,869.31,7.7
2020-07-17,11.596,2,845.14,7.2
2020-07-18,11.729,2,825.15,6.7
2020-07-19,11.564,2,806.62,7.4
2020-07-20,11.242,2,810.18,8.4
2020-07-21,11.336,2,774.76,8.3
2020-07-22,11.539,2,740.12,7.7
2020-07-23,11.596,2,719.59,7.5
2020-07-24,11.67,2,696.64,7.1
2020-07-25,11.993,2,675.8,6.2
2020-07-26,11.656,2,680.74,7.2
2020-07-27,11.067,2,703.42,8.6
2020-07-28,10.826,2,687.42,9.8
2020-07-29,10.828,2,653.12,9.8
2020-07-30,11.065,2,627.82,9.2
2020-07-31,11.413,2,607.87,8.3
2020-08-01,11.547,2,593.2,7.9
2020-08-02,11.586,2,580.38,7.7
2020-08-03,11.502,2,568.98,7.9
2020-08-04,11.123,2,560.9,8.8
2020-08-05,11.37,2,550.91,7.8
2020-08-06,11.775,2,539.08,6.9
2020-08-07,11.866,2,529.74,6.4
2020-08-08,11.594,2,568.96,7.5
2020-08-09,11.135,2,550.51,8.7
2020-08-10,11.133,2,518.62,9.2
2020-08-11,11.183,2,495.72,9.0
2020-08-12,11.066,2,485.34,9.2
2020-08-13,10.879,2,488.73,10.1
2020-08-14,10.57,2,617.8,10.6
2020-08-15,10.388,2,890.42,10.9
2020-08-16,10.346,2,738.86,10.9
2020-08-17,10.576,2,658.08,10.4
2020-08-18,10.558,2,632.34,10.4
2020-08-19,10.531,2,745.95,10.1
2020-08-20,10.758,2,955.46,9.3
2020-08-21,10.784,2,1179.92,9.3
2020-08-22,10.954,2,1568.63,8.5
2020-08-23,11.174,2,1659.01,8.1
2020-08-24,11.411,2,1458.08,7.9
2020-08-25,11.344,2,1334.48,8.6
2020-08-26,11.323,2,1250.16,8.8
2020-08-27,11.277,2,1188.91,8.7
2020-08-28,11.198,2,1147.32,9.0
2020-08-29,11.142,2,1088.46,9.3
2020-08-30,10.937,2,1042.97,9.9
2020-08-31,10.592,2,1012.26,11.0
2020-09-01,10.842,2,976.21,10.1
2020-09-02,10.929,2,948.27,9.8
2020-09-03,10.479,2,922.31,11.4
2020-09-04,10.332,2,894.92,11.8
2020-09-05,10.636,2,870.02,10.8
2020-09-06,10.748,2,842.83,10.7
2020-09-07,10.711,2,812.29,11.1
2020-09-08,10.395,2,789.43,12.1
2020-09-09,9.887,2,773.71,14.0
2020-09-10,9.943,2,747.22,13.8
2020-09-11,10.249,2,715.31,12.8
2020-09-12,10.474,2,690.84,11.9
2020-09-13,10.443,2,698.3,11.7
2020-09-14,10.356,2,729.45,12.7
2020-09-15,10.082,2,657.99,13.6
2020-09-16,10.035,2,628.44,13.8
2020-09-17,9.979,2,607.75,13.8
2020-09-18,9.952,2,593.88,13.7
2020-09-19,9.923,2,594.47,14.3
2020-09-20,9.32,2,661.15,15.7
2020-09-21,9.262,2,759.37,15.9
2020-09-22,8.943,2,1024.59,14.9
2020-09-23,9.613,2,737.68,13.6
2020-09-24,9.973,2,711.85,12.8
2020-09-25,10.175,2,765.94,11.5
2020-09-26,10.671,2,1226.2,9.6
2020-09-27,10.595,2,985.06,10.7
2020-09-28,10.364,2,912.23,11.7
2020-09-29,10.172,2,884.59,12.5
2020-09-30,9.983,2,873.01,12.7
2020-10-01,9.959,2,997.84,12.9
2020-10-02,9.861,2,926.66,13.6
2020-10-03,9.59,2,881.26,14.8
2020-10-04,9.234,2,854.53,16.0
2020-10-05,8.909,2,832.19,17.1
2020-10-06,9.222,2,863.03,15.8
2020-10-07,9.614,2,996.76,14.4
2020-10-08,9.005,2,2022.24,14.9
2020-10-09,9.651,2,2747.7,13.6
2020-10-10,10.15,2,2739.26,12.8
2020-10-11,10.056,2,2476.83,13.4
2020-10-12,9.844,2,2156.93,14.4
2020-10-13,9.65,2,1903.27,15.2
2020-10-14,9.396,2,1712.18,16.3
2020-10-15,9.224,2,1571.7,16.7
2020-10-16,9.063,2,1495.72,17.3
2020-10-17,9.027,2,1540.85,17.1
2020-10-18,9.094,2,1739.07,16.4
2020-10-19,9.194,2,1408.38,16.4
2020-10-20,9.291,2,1307.4,16.2
2020-10-21,9.155,2,1243.02,16.6
2020-10-22,9.099,2,1186.7,16.9
2020-10-23,9.093,2,1177.36,16.3
2020-10-24,8.688,2,2233.74,16.2
2020-10-25,9.017,2,2575.08,15.1
2020-10-26,9.814,2,1830.4,13.8
2020-10-27,9.919,2,1701.67,13.7
2020-10-28,9.632,2,1605.75,14.8
2020-10-29,9.268,2,1524.21,16.2
2020-10-30,9.229,2,1482.61,16.1
2020-10-31,9.171,2,1457.03,16.4
2020-11-01,9.169,2,1344.72,16.8
2020-11-02,9.008,2,1241.5,17.7
2020-11-03,8.761,2,1176.71,18.8
2020-11-04,8.593,2,1124.41,19.0
2020-11-05,8.826,2,1120.99,17.7
2020-11-06,9.255,2,1050.06,16.2
2020-11-07,9.146,2,990.77,16.8
2020-11-08,9.064,2,940.1,17.4
2020-11-09,8.84,2,905.41,18.3
2020-11-10,8.487,2,873.92,19.8
2020-11-11,8.442,2,840.33,20.0
2020-11-12,8.458,2,837.53,19.7
2020-11-13,8.596,2,1000.48,18.8
2020-11-14,8.815,2,812.81,18.3
2020-11-15,8.844,2,766.18,18.7
2020-11-16,8.643,2,734.21,19.1
2020-11-17,8.909,2,714.4,18.5
2020-11-18,8.795,2,674.13,19.3
2020-11-19,8.566,2,653.17,20.2
2020-11-20,8.336,2,636.91,21.4
2020-11-21,8.115,2,606.79,22.6
2020-11-22,8.017,2,590.42,22.6
2020-11-23,8.006,2,663.01,21.7
2020-11-24,8.322,2,761.49,20.8
2020-11-25,8.192,2,598.35,21.0
2020-11-26,7.871,2,557.69,22.3
2020-11-27,7.675,2,527.22,23.6
2020-11-28,7.512,2,509.2,23.8
2020-11-29,7.643,2,505.56,23.4
2020-11-30,7.899,2,476.09,22.7
2020-12-01,7.864,2,458.7,22.4
2020-12-02,8.173,2,450.8,21.7
2020-12-03,8.392,2,432.56,20.9
2020-12-04,8.449,2,417.6,20.7
2020-12-05,8.386,2,414.47,19.9
2020-12-06,8.512,2,515.21,18.4
2020-12-07,9.031,2,479.89,16.9
2020-12-08,9.375,2,474.88,16.4
2020-12-09,9.059,2,440.94,18.0
2020-12-10,8.626,2,408.46,20.1
2020-12-11,8.604,2,391.69,20.5
2020-12-12,8.593,2,372.74,20.7
2020-12-13,8.47,2,362.08,21.3
2020-12-14,8.167,2,356.08,22.7
2020-12-15,7.959,2,350.54,22.6
2020-12-16,7.827,2,360.49,22.8
2020-12-17,7.569,2,389.4,23.7
2020-12-18,7.569,2,427.61,23.9
2020-12-19,7.789,2,360.51,22.3
2020-12-20,8.051,2,330.88,21.7
2020-12-21,8.181,2,326.8,20.3
2020-12-22,8.062,2,345.29,20.0
2020-12-23,8.234,2,356.69,20.1
2020-12-24,8.113,2,326.94,21.2
2020-12-25,8.079,2,306.72,21.7
2020-12-26,7.999,2,298.22,22.0
2020-12-27,7.962,2,294.6,21.9
2020-12-28,7.578,2,281.42,22.8
2020-12-29,7.542,2,273.71,22.5
2020-12-30,7.36,2,267.4,23.1
2020-12-31,7.005,2,264.84,23.7
2021-01-01,7.513,2,309.44,22.1
2021-01-02,7.863,2,313.34,21.9
2021-01-03,7.408,2,308.59,23.0
2021-01-04,7.778,2,364.75,22.1
2021-01-05,8.017,2,388.68,21.9
2021-01-06,8.021,2,395.42,21.8
2021-01-07,8.356,2,305.29,21.3
2021-01-08,8.248,2,273.32,22.0
2021-01-09,7.991,2,252.79,23.1
2021-01-10,7.638,2,250.74,24.5
2021-01-11,7.439,2,239.08,25.3
2021-01-12,7.355,2,227.24,25.3
2021-01-13,7.29,2,220.8,25.4
2021-01-14,7.231,2,218.22,25.1
2021-01-15,7.559,2,208.97,23.1
2021-01-16,8.118,2,205.86,20.5
2021-01-17,8.25,2,211.05,20.5
2021-01-18,7.949,2,208.87,21.9
2021-01-19,7.846,2,198.39,22.1
2021-01-20,7.89,2,192.62,22.1
2021-01-21,7.707,2,189.45,22.6
2021-01-22,7.542,2,185.78,23.2
2021-01-23,7.494,2,180.6,23.6
2021-01-24,7.288,2,176.98,24.5
2021-01-25,6.976,2,163.71,25.1
2021-01-26,6.762,2,167.27,24.1
2021-01-27,6.769,2,230.92,24.4
2021-01-28,6.96,2,211.99,23.2
2021-01-29,7.487,2,217.43,21.3
2021-01-30,7.628,2,1282.84,20.6
2021-01-31,8.121,2,1225.49,21.3
2021-02-01,7.925,2,620.82,22.1
2021-02-02,8.163,2,711.77,21.1
2021-02-03,8.217,2,529.43,20.5
2021-02-04,8.123,2,451.35,21.0
2021-02-05,7.961,2,446.94,21.6
2021-02-06,7.291,2,2958.42,21.4
2021-02-07,8.452,2,2810.47,19.5
2021-02-08,8.659,2,1719.81,19.6
2021-02-09,8.522,2,1381.23,20.0
2021-02-10,8.316,2,1187.94,20.7
2021-02-11,8.217,2,1048.76,21.0
2021-02-12,8.07,2,981.95,21.1
2021-02-13,8.25,2,971.83,20.7
2021-02-14,8.156,2,819.69,21.2
2021-02-15,8.082,2,750.28,21.6
2021-02-16,8.082,2,693.02,21.7
2021-02-17,7.915,2,651.04,22.6
2021-02-18,7.935,2,617.42,22.4
2021-02-19,7.926,2,582.44,22.2
2021-02-20,7.772,2,559.56,22.7
2021-02-21,7.556,2,543.73,23.5
2021-02-22,7.407,2,519.89,23.9
2021-02-23,7.787,2,488.43,21.9
2021-02-24,8.254,2,469.19,20.0
2021-02-25,8.172,2,463.83,19.6
2021-02-26,8.309,2,451.07,19.4
2021-02-27,8.2,2,429.54,19.7
2021-02-28,8.357,2,422.43,19.4
2021-03-01,8.22,2,405.56,19.8
2021-03-02,8.305,2,386.48,19.6
2021-03-03,8.555,15,377.79,18.6
2021-03-04,8.703,15,368.86,18.3
2021-03-05,8.516,15,360.31,18.8
2021-03-06,8.587,15,345.63,18.7
2021-03-07,8.415,15,336.48,18.8
2021-03-08,7.788,15,337.01,19.3
2021-03-09,8.029,15,332.68,19.3
2021-03-10,7.957,15,320.99,19.9
2021-03-11,8.114,15,308.87,19.2
2021-03-12,8.144,2,344.16,19.7
2021-03-13,7.911,2,322.32,20.5
2021-03-14,7.842,2,384.76,20.2
2021-03-15,8.518,2,404.0,18.0
2021-03-16,8.474,2,312.47,18.2
2021-03-17,8.332,2,288.62,18.5
2021-03-18,8.25,2,277.93,18.9
2021-03-19,8.204,2,269.75,19.3
2021-03-20,8.153,2,271.8,18.9
2021-03-21,7.755,2,285.39,18.9
2021-03-22,7.891,2,289.67,18.5
2021-03-23,8.044,2,397.15,18.1
2021-03-24,8.354,2,589.7,18.3
2021-03-25,8.402,2,444.38,18.5
2021-03-26,8.626,2,397.21,17.7
2021-03-27,8.653,2,338.3,16.9
2021-03-28,8.919,2,362.7,16.1
2021-03-29,9.23,2,340.49,15.8
2021-03-30,9.115,2,304.37,16.1
2021-03-31,9.081,2,288.35,16.1
2021-04-01,8.98,2,279.24,16.5
2021-04-02,8.384,2,269.21,17.7
2021-04-03,8.136,2,260.63,18.8
2021-04-04,7.91,2,254.55,19.2
2021-04-05,7.946,2,255.58,19.2
2021-04-06,8.079,2,247.92,19.3
2021-04-07,8.133,2,240.85,19.4
2021-04-08,8.123,2,248.05,19.0
2021-04-09,7.989,2,240.95,18.8
2021-04-10,8.619,2,236.91,16.6
2021-04-11,9.222,2,238.38,14.4
2021-04-12,9.552,2,245.82,13.3
2021-04-13,9.731,2,241.93,12.9
2021-04-14,9.53,2,231.82,13.9
2021-04-15,9.495,2,227.87,14.1
2021-04-16,9.531,2,222.4,14.3
2021-04-17,9.707,2,217.83,13.5
2021-04-18,9.821,2,215.09,13.0
2021-04-19,9.826,2,215.02,12.8
2021-04-20,9.613,2,215.73,13.1
2021-04-21,9.518,2,221.94,13.1
2021-04-22,9.942,2,226.97,11.8
2021-04-23,10.285,50,218.81,11.4
2021-04-24,10.465,50,215.97,10.9
2021-04-25,10.538,50,208.11,11.1
2021-04-26,10.488,50,204.51,11.3
2021-04-27,10.532,50,205.45,11.6
2021-04-28,10.349,50,203.61,12.0
2021-04-29,10.504,50,202.07,12.0
2021-04-30,10.743,100,200.3,11.8
2021-05-01,10.964,100,197.39,11.9
2021-05-02,10.934,100,196.47,12.3
2021-05-03,9.439,50,205.46,12.2
2021-05-04,9.176,50,393.61,12.7
2021-05-05,9.232,50,311.73,13.3
2021-05-06,9.243,50,256.05,13.8
2021-05-07,9.365,50,232.29,15.0
2021-05-08,9.192,50,220.31,14.8
2021-05-09,9.558,50,214.92,14.6
2021-05-10,9.096,50,218.41,14.2
2021-05-11,9.357,50,327.39,13.9
2021-05-12,9.597,50,359.49,13.3
2021-05-13,9.7,50,274.57,12.5
2021-05-14,9.943,15,257.5,11.7
2021-05-15,10.227,15,266.86,10.8
2021-05-16,11.002,15,287.04,8.7
2021-05-17,10.978,15,264.66,9.2
2021-05-18,10.983,15,259.85,8.9
2021-05-19,11.304,15,250.3,8.1
2021-05-20,11.472,15,244.81,7.8
2021-05-21,11.5,15,241.17,7.8
2021-05-22,11.694,15,237.19,7.6
2021-05-23,11.579,15,233.21,7.8
2021-05-24,11.692,15,230.6,7.8
2021-05-25,11.365,15,230.18,8.6
2021-05-26,10.449,15,368.09,10.2
2021-05-27,10.865,15,445.92,9.1
2021-05-28,11.24,15,339.99,8.7
2021-05-29,11.768,15,307.17,7.5
2021-05-30,12.219,15,292.86,6.4
2021-05-31,12.401,15,284.19,5.9
2021-06-01,12.487,15,277.72,5.3
2021-06-02,12.335,15,273.2,6.5
2021-06-03,11.264,15,279.13,8.0
2021-06-04,10.897,15,301.9,9.3
2021-06-05,11.474,15,285.54,8.5
2021-06-06,11.533,15,272.32,8.2
2021-06-07,11.449,15,270.56,8.9
2021-06-08,11.025,15,272.16,8.9
2021-06-09,10.947,15,307.82,8.6
2021-06-10,11.218,2,520.75,7.5
2021-06-11,11.373,2,493.52,7.6
2021-06-12,11.078,2,534.12,8.4
2021-06-13,10.999,2,1088.2,8.6
2021-06-14,10.95,2,925.2,9.1
2021-06-15,10.819,2,805.57,9.5
2021-06-16,11.007,2,736.9,8.9
2021-06-17,11.003,2,900.96,8.5
2021-06-18,10.906,2,782.42,8.9
2021-06-19,11.046,2,707.06,8.9
2021-06-20,11.316,2,659.04,8.3
2021-06-21,11.735,2,626.05,7.2
2021-06-22,12.026,2,599.39,6.5
2021-06-23,11.847,2,583.08,6.6
2021-06-24,10.619,2,1825.99,8.7
2021-06-25,10.565,2,2859.72,9.5
2021-06-26,10.839,2,2339.52,9.5
2021-06-27,11.099,2,2124.43,9.0
2021-06-28,11.282,2,1893.44,8.6
2021-06-29,11.665,2,1679.71,7.4
2021-06-30,11.722,2,1502.47,7.2
2021-07-01,11.232,2,1392.79,8.5
2021-07-02,10.775,2,1299.48,9.8
2021-07-03,10.745,2,1261.61,9.7
2021-07-04,11.13,2,1216.46,8.6
2021-07-05,11.24,2,1206.92,8.4
2021-07-06,11.245,2,1131.98,8.4
2021-07-07,11.476,2,1074.0,7.7
2021-07-08,11.778,2,1031.78,6.7
2021-07-09,11.856,2,997.95,6.5
2021-07-10,11.87,2,957.62,6.5
2021-07-11,11.963,2,913.01,6.5
2021-07-12,11.91,2,879.66,6.6
2021-07-13,11.587,2,854.48,7.4
2021-07-14,11.308,2,886.29,7.5
2021-07-15,10.968,2,1216.91,8.4
2021-07-16,10.573,2,1681.15,8.9
2021-07-17,10.573,2,3299.78,8.6
2021-07-18,10.9,2,3352.72,8.7
2021-07-19,10.874,2,2748.45,9.3
2021-07-20,10.899,2,2645.2,9.0
2021-07-21,11.08,2,3351.25,8.3
2021-07-22,11.401,2,2707.76,7.6
2021-07-23,11.29,2,2512.94,7.8
2021-07-24,10.901,2,2438.44,8.8
2021-07-25,10.816,2,3765.62,8.4
2021-07-26,11.056,2,3592.63,8.5
2021-07-27,10.572,2,3920.24,10.1
2021-07-28,10.47,2,4058.65,10.1
2021-07-29,10.742,2,4610.4,9.2
2021-07-30,10.915,2,4294.53,9.3
2021-07-31,10.72,2,3738.85,9.9
2021-08-01,10.517,2,3287.99,10.5
2021-08-02,10.966,2,2907.25,9.2
2021-08-03,10.992,2,2729.6,8.9
2021-08-04,10.864,2,2869.98,9.2
2021-08-05,10.796,2,2421.61,9.9
2021-08-06,10.724,2,2225.39,10.3
2021-08-07,10.704,2,2078.28,10.5
2021-08-08,10.97,2,1948.96,9.7
2021-08-09,10.914,2,1845.33,9.9
2021-08-10,10.822,2,1757.15,10.1
2021-08-11,10.809,2,1686.09,9.9
2021-08-12,10.627,2,1873.19,10.5
2021-08-13,10.728,2,1685.02,10.4
2021-08-14,10.949,2,1597.13,9.7
2021-08-15,11.108,2,1524.34,9.2
2021-08-16,10.953,2,1467.38,9.6
2021-08-17,10.842,2,1404.57,9.9
2021-08-18,10.92,2,1343.16,9.6
2021-08-19,10.98,2,1288.16,9.3
2021-08-20,10.961,2,1244.26,9.2
2021-08-21,10.552,2,1220.73,10.7
2021-08-22,10.412,2,1180.22,11.0
2021-08-23,10.371,2,1172.0,10.8
2021-08-24,10.653,2,1393.79,9.9
2021-08-25,10.923,2,1183.56,9.2
2021-08-26,10.942,2,1113.61,9.4
2021-08-27,10.626,2,1081.69,10.3
2021-08-28,10.506,2,1097.57,10.9
2021-08-29,10.567,2,1122.19,10.1
2021-08-30,10.762,2,1347.58,9.8
2021-08-31,10.765,2,1139.8,10.0
2021-09-01,10.679,2,1083.38,10.6
2021-09-02,10.405,2,1043.91,11.7
2021-09-03,10.084,2,1034.2,12.4
2021-09-04,8.885,2,4993.17,13.1
2021-09-05,9.021,2,6924.99,12.3
2021-09-06,10.187,2,4975.09,11.1
2021-09-07,10.566,2,4006.05,10.6
2021-09-08,10.392,2,3407.83,11.5
2021-09-09,10.402,2,2964.76,11.4
2021-09-10,10.339,2,2667.97,11.4
2021-09-11,10.102,2,2420.04,12.1
2021-09-12,9.97,2,2224.28,12.1
2021-09-13,10.296,2,2114.85,11.4
2021-09-14,10.575,2,1922.19,10.8
2021-09-15,10.523,2,1789.19,11.1
2021-09-16,10.452,2,1687.18,11.3
2021-09-17,10.304,2,1599.24,11.7
2021-09-18,9.984,2,1858.75,12.6
2021-09-19,10.224,2,1698.97,12.0
2021-09-20,10.419,2,1650.6,10.9
2021-09-21,10.717,2,1854.09,10.3
2021-09-22,10.538,2,1631.49,11.3
2021-09-23,10.286,2,1576.55,12.0
2021-09-24,9.967,2,1534.27,13.0
2021-09-25,10.056,2,1480.31,12.6
2021-09-26,10.498,2,1405.36,11.7
2021-09-27,10.536,2,1352.9,11.5
2021-09-28,10.301,2,1316.48,12.4
2021-09-29,9.382,2,2643.59,13.8
2021-09-30,9.233,2,3023.89,14.1
2021-10-01,9.465,2,3636.06,13.8
2021-10-02,9.328,2,3287.92,14.5
2021-10-03,9.496,2,2857.3,14.2
2021-10-04,9.549,2,2630.41,14.1
2021-10-05,10.013,2,2665.19,12.5
2021-10-06,10.309,2,2490.28,11.9
2021-10-07,9.924,2,2332.0,13.2
2021-10-08,9.934,2,2196.99,13.5
2021-10-09,9.871,2,2075.73,13.8
2021-10-10,9.73,2,1981.6,13.8
2021-10-11,10.117,2,1921.82,12.8
2021-10-12,10.02,2,1773.15,13.3
2021-10-13,9.841,2,1678.91,13.5
2021-10-14,9.706,2,1873.12,13.4
2021-10-15,9.757,2,1780.33,13.0
2021-10-16,9.741,2,1724.76,13.4
2021-10-17,9.815,2,1648.03,13.5
2021-10-18,9.794,2,1553.92,13.7
2021-10-19,9.777,2,1583.91,13.9
2021-10-20,9.704,2,1486.59,14.3
2021-10-21,9.495,2,1411.83,15.0
2021-10-22,9.367,2,1362.18,15.7
2021-10-23,9.109,2,1311.61,16.2
2021-10-24,9.479,2,1276.97,15.2
2021-10-25,9.522,2,1209.7,15.1
2021-10-26,9.612,2,1161.55,15.0
2021-10-27,9.438,2,1121.1,15.7
2021-10-28,9.152,2,1081.02,16.3
2021-10-29,9.086,2,1053.49,16.4
2021-10-30,9.746,2,1022.11,14.1
2021-10-31,9.944,2,978.92,14.0
2021-11-01,9.593,2,941.59,15.2
2021-11-02,9.353,2,913.56,16.1
2021-11-03,8.983,2,887.2,17.4
2021-11-04,8.746,2,1153.99,17.1
2021-11-05,8.994,2,1097.3,16.7
2021-11-06,8.844,2,940.2,17.5
2021-11-07,8.446,2,1195.0,18.4
2021-11-08,8.348,2,990.54,19.3
2021-11-09,8.559,2,887.89,18.8
2021-11-10,8.71,2,836.66,17.9
2021-11-11,8.906,2,817.59,17.4
2021-11-12,8.719,2,1053.72,16.9
2021-11-13,9.015,2,2171.56,15.4
2021-11-14,9.402,2,2275.79,14.3
2021-11-15,9.904,2,2006.4,13.0
2021-11-16,10.052,2,1830.34,13.2
2021-11-17,9.691,2,1703.7,14.8
2021-11-18,9.389,2,1608.93,15.8
2021-11-19,9.307,2,1536.97,15.7
2021-11-20,9.471,2,1497.5,15.1
2021-11-21,9.515,2,1440.3,15.5
2021-11-22,9.167,2,1335.93,17.1
2021-11-23,8.927,2,1251.07,17.9
2021-11-24,8.804,2,1251.96,18.2
2021-11-25,8.739,2,1568.13,17.4
2021-11-26,8.739,2,2391.61,16.4
2021-11-27,9.095,2,2682.07,15.7
2021-11-28,9.108,2,1800.5,16.8
2021-11-29,8.804,2,1616.83,18.2
2021-11-30,8.74,2,1521.62,18.6
2021-12-01,8.456,2,1455.79,19.7
2021-12-02,8.252,2,1579.41,20.0
2021-12-03,8.083,2,1355.74,21.4
2021-12-04,8.151,2,1255.24,21.0
2021-12-05,8.507,2,1175.53,19.7
2021-12-06,8.612,2,1128.12,19.1
2021-12-07,8.538,2,1092.39,19.4
2021-12-08,8.539,2,1093.7,19.4
2021-12-09,8.788,2,1166.98,17.7
2021-12-10,9.121,2,1389.1,16.3
2021-12-11,9.09,2,1077.96,17.1
2021-12-12,8.745,2,979.59,18.7
2021-12-13,8.454,2,928.7,20.0
2021-12-14,8.215,2,883.41,20.9
2021-12-15,8.139,2,854.29,20.7
2021-12-16,8.408,2,873.86,20.2
2021-12-17,8.194,2,799.57,21.2
2021-12-18,7.983,2,776.4,21.6
2021-12-19,7.874,2,1274.86,20.3
2021-12-20,8.182,2,2626.64,18.4
2021-12-21,8.228,2,1299.89,19.9
2021-12-22,8.004,2,1102.98,21.0
2021-12-23,7.911,2,1005.02,21.6
2021-12-24,7.874,2,938.92,22.1
2021-12-25,7.91,2,897.03,22.0
2021-12-26,7.863,2,858.13,22.4
2021-12-27,8.076,2,805.27,21.4
2021-12-28,8.275,2,766.96,20.8
2021-12-29,8.242,2,732.85,21.1
2021-12-30,8.025,2,709.95,22.2
2021-12-31,7.848,2,679.38,23.1
2022-01-01,7.665,2,653.14,24.0
2022-01-02,7.544,2,632.63,24.3
2022-01-03,7.507,2,637.19,24.5
2022-01-04,7.406,2,602.9,25.0
2022-01-05,7.518,2,595.89,24.0
2022-01-06,7.919,2,798.29,21.2
2022-01-07,7.98,2,1685.66,19.6
2022-01-08,7.61,2,1625.33,20.6
2022-01-09,7.325,2,919.37,22.8
2022-01-10,7.165,2,771.08,23.9
2022-01-11,7.463,2,779.74,23.5
2022-01-12,7.722,2,876.45,22.9
2022-01-13,7.576,2,700.64,23.7
2022-01-14,7.384,2,660.82,23.7
2022-01-15,6.65,2,3711.14,22.4
2022-01-16,7.266,2,2304.83,22.2
2022-01-17,7.899,2,1480.28,21.1
2022-01-18,8.09,2,1357.6,20.8
2022-01-19,7.976,2,1195.07,21.7
2022-01-20,8.245,2,1059.4,21.0
2022-01-21,8.266,2,981.52,21.2
2022-01-22,8.1,2,926.44,21.9
2022-01-23,7.912,2,880.16,22.6
2022-01-24,7.766,2,835.16,23.0
2022-01-25,7.742,2,894.31,23.0
2022-01-26,7.786,2,885.94,23.0
2022-01-27,7.681,2,810.71,23.5
2022-01-28,7.7,2,764.34,23.2
2022-01-29,7.518,2,872.08,22.9
2022-01-30,7.566,2,865.71,23.1
2022-01-31,7.483,2,899.49,23.6
2022-02-01,7.207,2,798.96,24.2
2022-02-02,7.322,2,1035.43,23.0
2022-02-03,7.981,2,835.37,20.9
2022-02-04,8.37,2,747.73,19.5
2022-02-05,8.413,2,711.09,19.8
2022-02-06,8.612,2,674.3,20.0
2022-02-07,8.571,2,642.21,20.3
2022-02-08,8.456,2,626.01,20.6
2022-02-09,8.311,2,607.69,20.9
2022-02-10,8.282,2,601.17,21.1
2022-02-11,8.202,2,572.86,21.9
2022-02-12,8.23,2,551.22,21.8
2022-02-13,8.157,2,535.73,21.9
2022-02-14,8.008,2,522.13,22.6
2022-02-15,7.781,2,502.19,23.7
2022-02-16,7.591,2,495.86,24.6
2022-02-17,7.532,2,494.87,24.3
2022-02-18,7.796,2,480.32,23.0
2022-02-19,7.983,2,458.96,22.3
2022-02-20,7.785,2,452.53,22.3
2022-02-21,7.953,2,449.06,21.9
2022-02-22,8.153,2,432.13,21.5
2022-02-23,7.975,2,429.65,22.0
2022-02-24,7.672,2,472.57,22.8
2022-02-25,7.294,2,492.6,22.6
2022-02-26,7.86,2,460.95,20.7
2022-02-27,8.069,2,453.17,20.5
2022-02-28,7.781,2,437.19,22.2
2022-03-01,7.279,2,529.85,22.8
2022-03-02,7.713,2,467.25,21.9
2022-03-03,7.856,2,420.36,21.8
2022-03-04,7.685,2,400.64,22.7
2022-03-05,7.398,2,530.91,21.7
2022-03-06,7.966,2,907.86,19.7
2022-03-07,7.948,2,516.94,21.2
2022-03-08,7.753,2,440.88,21.3
2022-03-09,8.236,2,417.87,19.7
2022-03-10,8.444,2,400.41,19.0
2022-03-11,8.598,2,389.17,18.5
2022-03-12,8.561,2,379.77,18.5
2022-03-13,8.474,2,376.08,19.1
2022-03-14,8.252,2,406.95,19.8
2022-03-15,7.945,2,393.96,20.4
2022-03-16,7.722,2,373.78,20.3
2022-03-17,7.548,2,377.23,20.7
2022-03-18,7.086,2,380.93,21.1
2022-03-19,7.19,2,357.92,21.6
2022-03-20,0.0,161,351.9,21.4
2022-03-21,0.0,161,343.86,21.2
2022-03-22,0.0,161,342.8,20.9
2022-03-23,0.0,161,341.95,21.4
2022-03-24,0.0,161,337.94,20.0
2022-03-25,0.0,161,329.83,19.2
2022-03-26,0.0,161,323.97,19.4
2022-03-27,0.0,161,322.23,19.4
2022-03-28,0.0,161,316.63,19.4
2022-03-29,0.0,161,314.29,19.2
2022-03-30,0.0,161,309.17,19.5
2022-03-31,0.0,161,305.12,18.4
2022-04-01,0.0,161,296.93,16.6
2022-04-02,3.964,2,306.59,15.3
2022-04-03,5.022,2,347.4,15.2
2022-04-04,7.428,2,469.21,15.5
2022-04-05,7.378,2,439.0,16.2
2022-04-06,6.143,2,369.2,16.0
2022-04-07,6.632,2,366.54,15.9
2022-04-08,7.289,2,376.06,15.9
2022-04-09,7.732,2,381.21,16.7
2022-04-10,7.217,2,356.39,17.7
2022-04-11,6.727,2,331.31,17.7
2022-04-12,8.186,2,352.4,17.3
2022-04-13,8.998,2,333.42,16.5
2022-04-14,9.159,2,320.5,16.0
2022-04-15,9.157,2,315.42,15.8
2022-04-16,9.147,2,312.82,16.0
2022-04-17,9.138,2,307.66,15.9
2022-04-18,9.041,2,303.52,15.8
2022-04-19,8.903,2,313.47,15.6
2022-04-20,8.85,2,353.6,15.9
2022-04-21,8.883,2,331.36,16.5
2022-04-22,9.12,2,305.82,15.8
2022-04-23,9.304,2,300.34,15.1
2022-04-24,9.309,2,295.62,14.9
2022-04-25,9.333,2,288.5,14.6
2022-04-26,9.318,2,291.34,14.5
2022-04-27,9.322,2,288.77,14.1
2022-04-28,8.949,2,294.79,15.1
2022-04-29,8.684,2,304.7,16.4
2022-04-30,8.517,2,312.6,16.8
2022-05-01,9.28,2,371.76,14.8
2022-05-02,9.697,2,316.59,13.6
2022-05-03,9.875,2,300.16,12.9
2022-05-04,9.715,2,294.52,13.1
2022-05-05,9.391,2,321.67,14.1
2022-05-06,10.022,2,322.43,12.0
2022-05-07,10.366,2,305.94,11.2
2022-05-08,10.302,2,312.51,11.7
2022-05-09,10.378,2,310.32,11.5
2022-05-10,10.522,2,298.24,11.1
2022-05-11,10.342,2,295.28,11.4
2022-05-12,9.817,2,310.0,12.5
2022-05-13,9.346,2,422.29,13.8
2022-05-14,8.976,2,477.46,15.2
2022-05-15,8.871,2,439.56,15.7
2022-05-16,9.045,2,422.95,15.1
2022-05-17,9.533,2,391.02,13.4
2022-05-18,9.87,2,379.01,12.5
2022-05-19,10.339,2,382.46,11.0
2022-05-20,10.821,2,361.75,9.8
2022-05-21,11.081,2,349.34,9.1
2022-05-22,11.119,2,343.65,9.0
2022-05-23,11.18,2,336.97,8.8
2022-05-24,11.239,2,330.58,8.6
2022-05-25,11.298,2,326.88,8.3
2022-05-26,11.131,2,324.42,8.6
2022-05-27,10.552,2,339.45,10.2
2022-05-28,10.007,2,392.68,11.6
2022-05-29,10.254,2,382.66,10.8
2022-05-30,10.537,2,369.97,9.2
2022-05-31,10.72,2,514.07,8.7
2022-06-01,11.133,2,555.87,7.8
2022-06-02,11.368,2,483.33,7.9
2022-06-03,11.317,2,438.65,8.0
2022-06-04,11.07,2,437.44,8.5
2022-06-05,10.865,2,563.2,8.9
2022-06-06,10.648,2,1371.09,8.5
2022-06-07,11.138,2,1571.29,7.7
2022-06-08,11.27,2,1371.2,7.7
2022-06-09,11.145,2,1162.15,8.1
2022-06-10,11.02,2,1120.35,8.6
2022-06-11,11.088,2,1052.04,8.3
2022-06-12,11.029,2,1004.0,8.7
2022-06-13,11.285,2,959.1,8.0
2022-06-14,11.364,2,905.87,7.9
2022-06-15,11.318,2,866.46,8.1
2022-06-16,10.912,2,919.56,9.2
2022-06-17,10.651,2,1012.95,10.1
2022-06-18,11.104,2,981.51,8.8
2022-06-19,11.626,2,978.68,7.3
2022-06-20,11.723,2,966.42,7.0
2022-06-21,11.371,2,1007.19,7.7
2022-06-22,11.227,2,1195.73,8.1
2022-06-23,10.974,2,1101.12,9.0
2022-06-24,10.726,2,1152.61,9.6
2022-06-25,10.765,2,1302.48,9.6
2022-06-26,10.98,2,1273.84,9.2
2022-06-27,11.127,2,1290.45,8.8
2022-06-28,11.695,2,1211.21,7.2
2022-06-29,11.888,2,1138.45,6.5
2022-06-30,11.511,2,1095.24,7.6
2022-07-01,11.176,2,1044.39,8.5
2022-07-02,11.311,2,982.12,8.1
2022-07-03,11.494,2,935.22,7.5
2022-07-04,11.61,2,893.19,7.1
2022-07-05,11.656,2,848.4,6.9
2022-07-06,11.903,2,810.33,6.1
2022-07-07,12.031,2,783.25,5.6
2022-07-08,11.983,2,757.17,5.6
2022-07-09,11.887,2,747.75,6.2
2022-07-10,11.69,2,717.08,6.8
2022-07-11,11.905,2,685.92,6.2
2022-07-12,11.994,2,670.49,5.7
2022-07-13,11.631,2,674.5,6.8
2022-07-14,11.679,2,644.34,6.8
2022-07-15,12.089,2,620.04,5.8
2022-07-16,12.107,2,606.37,5.7
2022-07-17,11.766,2,654.12,6.3
2022-07-18,11.482,2,1199.16,6.8
2022-07-19,11.741,2,928.88,6.6
2022-07-20,12.082,2,813.59,5.9
2022-07-21,12.265,2,766.77,5.6
2022-07-22,12.124,2,739.19,6.0
2022-07-23,11.892,2,718.66,6.5
2022-07-24,11.82,2,704.27,6.7
2022-07-25,11.518,2,693.42,7.4
2022-07-26,11.016,2,888.36,8.4
2022-07-27,11.247,2,997.6,7.9
2022-07-28,11.011,2,884.61,8.9
2022-07-29,11.242,2,885.95,8.4
2022-07-30,11.822,2,852.99,6.8
2022-07-31,12.165,2,843.35,5.5
2022-08-01,11.463,2,1562.66,6.9
2022-08-02,11.044,2,1444.41,8.5
2022-08-03,10.804,2,1691.14,8.8
2022-08-04,9.859,2,3267.22,10.4
2022-08-05,9.852,2,5112.76,10.3
2022-08-06,10.367,2,5039.6,9.8
2022-08-07,10.579,2,4606.19,9.9
2022-08-08,10.956,2,3928.2,9.1
2022-08-09,11.252,2,3350.04,8.4
2022-08-10,11.393,2,2897.11,8.1
2022-08-11,11.101,2,2595.9,8.7
2022-08-12,10.595,2,3523.09,9.8
2022-08-13,10.603,2,2865.15,9.9
2022-08-14,10.578,2,2767.75,9.8
2022-08-15,10.675,2,2692.42,9.7
2022-08-16,10.796,2,2713.59,9.5
2022-08-17,10.774,2,2598.39,10.0
2022-08-18,10.55,2,2473.81,10.7
2022-08-19,10.324,2,3098.58,11.0
2022-08-20,10.711,2,3391.4,9.9
2022-08-21,10.919,2,3355.82,9.8
2022-08-22,10.803,2,3139.68,10.0
2022-08-23,10.57,2,3821.46,10.2
2022-08-24,11.101,2,3735.1,8.9
2022-08-25,10.858,2,3479.95,10.1
2022-08-26,10.894,2,3192.75,10.1
2022-08-27,10.948,2,2883.0,10.0
2022-08-28,10.748,2,2648.12,10.6
2022-08-29,10.808,2,2616.93,10.0
2022-08-30,10.29,2,4066.09,11.0
2022-08-31,10.434,2,3433.8,11.5
2022-09-01,10.557,2,3167.69,11.2
2022-09-02,10.497,2,2967.01,11.4
2022-09-03,10.915,2,2734.64,10.2
2022-09-04,10.987,2,2529.26,10.0
2022-09-05,10.807,2,2347.41,10.5
2022-09-06,10.842,2,2183.24,10.3
2022-09-07,10.663,2,2045.37,10.8
2022-09-08,10.286,2,1975.1,11.7
2022-09-09,10.085,2,2956.63,11.9
2022-09-10,9.895,2,3129.55,12.5
2022-09-11,10.334,2,2483.43,11.5
2022-09-12,10.511,2,2331.81,11.3
2022-09-13,10.652,2,2252.28,11.1
2022-09-14,10.768,2,2090.91,10.7
2022-09-15,10.528,2,2027.47,11.1
2022-09-16,10.165,2,2398.58,11.8
2022-09-17,10.072,2,2876.96,11.9
2022-09-18,10.281,2,3460.76,11.3
2022-09-19,9.968,2,4962.7,11.7
2022-09-20,10.194,2,5270.18,11.6
2022-09-21,10.303,2,4678.84,11.6
2022-09-22,10.064,2,4048.46,12.9
2022-09-23,9.92,2,3527.82,13.6
2022-09-24,9.722,2,3829.15,14.0
2022-09-25,10.031,2,3150.62,13.2
2022-09-26,10.253,2,2816.15,12.5
2022-09-27,10.06,2,2840.09,13.0
2022-09-28,9.999,2,3354.65,12.6
2022-09-29,10.117,2,2975.45,12.9
2022-09-30,10.198,2,2492.92,13.1
2022-10-01,10.218,2,2316.58,12.9
2022-10-02,10.294,2,2214.5,12.6
2022-10-03,10.246,2,2085.37,12.8
2022-10-04,10.071,2,1979.17,13.5
2022-10-05,10.035,2,1898.18,13.6
2022-10-06,10.146,2,2318.11,12.8
2022-10-07,9.693,2,3070.21,13.7
2022-10-08,9.443,2,2827.29,14.6
2022-10-09,9.899,2,2255.11,13.7
2022-10-10,10.349,2,2068.23,12.5
2022-10-11,10.213,2,1979.21,12.9
2022-10-12,9.897,2,1900.19,13.9
2022-10-13,9.705,2,1885.85,13.9
2022-10-14,9.558,2,3003.89,13.8
2022-10-15,9.84,2,2683.99,13.4
2022-10-16,9.842,2,2360.76,14.0
2022-10-17,9.865,2,2273.74,14.0
2022-10-18,9.895,2,2180.03,13.8
2022-10-19,9.549,2,2082.96,15.2
2022-10-20,9.149,2,1967.58,16.5
2022-10-21,8.893,2,1903.72,16.9
2022-10-22,8.789,2,2454.53,16.5
2022-10-23,8.775,2,2989.89,16.6
2022-10-24,9.096,2,2561.81,16.1
2022-10-25,9.126,2,2497.94,16.0
2022-10-26,9.045,2,2632.38,16.0
2022-10-27,9.099,2,2711.13,15.9
2022-10-28,9.28,2,2963.19,14.8
2022-10-29,9.759,2,3362.42,13.6
2022-10-30,9.894,2,3464.63,13.7
2022-10-31,9.01,2,4247.61,15.1
2022-11-01,7.605,2,8121.81,15.1
2022-11-02,8.684,2,9410.32,13.4
2022-11-03,8.773,2,7514.47,14.4
2022-11-04,9.049,2,6075.05,15.2
2022-11-05,9.276,2,4926.9,15.3
2022-11-06,9.628,2,4254.47,14.9
2022-11-07,9.44,2,3723.2,15.7
2022-11-08,9.258,2,3378.54,16.4
2022-11-09,9.192,2,3103.65,16.6
2022-11-10,9.034,2,2837.52,17.2
2022-11-11,9.063,2,2701.97,16.8
2022-11-12,9.11,2,2726.94,16.7
2022-11-13,8.83,2,3120.52,17.1
2022-11-14,7.266,2,8445.3,18.0
2022-11-15,8.148,2,8064.0,15.9
2022-11-16,9.123,2,6338.69,14.5
2022-11-17,9.568,2,5158.08,14.1
2022-11-18,9.648,2,4412.58,14.5
2022-11-19,0.0,180,3907.33,0.0
2022-11-20,0.0,180,4539.67,0.0
2022-11-21,0.0,180,4092.99,0.0
2022-11-22,0.0,180,3837.86,0.0
2022-11-23,0.0,180,3694.05,0.0
2022-11-24,0.0,180,3524.99,0.0
2022-11-25,0.0,180,3308.12,0.0
2022-11-26,0.0,180,3110.21,0.0
2022-11-27,0.0,180,2905.02,0.0
2022-11-28,0.0,180,2705.98,0.0
2022-11-29,0.0,180,2517.95,0.0
2022-11-30,0.0,180,2342.95,0.0
2022-12-01,0.0,180,2205.99,0.0
2022-12-02,0.0,180,2082.71,0.0
2022-12-03,0.0,180,1942.21,0.0
2022-12-04,0.0,180,1832.9,0.0
2022-12-05,0.0,180,1728.24,0.0
2022-12-06,0.0,180,1654.34,0.0
2022-12-07,0.0,180,1560.38,0.0
2022-12-08,0.0,180,1493.62,0.0
2022-12-09,0.0,180,1407.98,0.0
2022-12-10,0.0,180,1334.85,0.0
2022-12-11,0.0,180,1290.99,0.0
2022-12-12,0.0,180,1656.1,0.0
2022-12-13,0.0,180,1572.56,0.0
2022-12-14,0.0,180,1363.55,0.0
2022-12-15,9.962,2,1352.86,13.5
2022-12-16,9.767,2,1207.47,14.6
2022-12-17,9.557,2,1132.59,16.0
2022-12-18,9.375,2,1073.89,17.0
2022-12-19,9.269,2,1031.58,17.6
2022-12-20,9.131,2,984.6,18.2
2022-12-21,8.997,2,950.05,18.7
2022-12-22,8.94,2,937.32,18.3
2022-12-23,9.13,2,934.98,18.2
2022-12-24,8.673,2,892.72,20.2
2022-12-25,8.567,2,857.82,20.9
2022-12-26,8.386,2,816.93,22.0
2022-12-27,8.209,2,804.08,22.9
2022-12-28,8.066,2,761.56,22.8
2022-12-29,8.193,2,761.82,22.2
2022-12-30,8.181,2,846.01,22.2
2022-12-31,7.768,2,1603.48,20.8
2023-01-01,7.889,2,844.98,22.8
2023-01-02,7.834,2,753.01,22.8
2023-01-03,8.106,2,725.62,22.0
2023-01-04,7.934,2,687.18,22.6
2023-01-05,8.231,2,653.34,21.4
2023-01-06,8.491,2,631.64,20.4
2023-01-07,8.344,2,614.93,21.0
2023-01-08,8.073,2,602.78,22.0
2023-01-09,7.926,2,577.86,23.0
2023-01-10,7.766,2,563.76,23.6
2023-01-11,7.553,2,555.05,24.2
2023-01-12,7.548,2,537.65,24.3
2023-01-13,7.562,2,525.92,24.4
2023-01-14,7.406,2,508.73,25.1
2023-01-15,7.353,2,519.89,25.2
2023-01-16,7.348,2,519.07,25.1
2023-01-17,7.324,2,576.67,24.9
2023-01-18,7.1,2,557.46,23.8
2023-01-19,7.783,2,768.63,21.6
2023-01-20,7.974,2,565.5,21.2
2023-01-21,7.869,2,518.06,22.0
2023-01-22,7.647,2,595.56,21.4
2023-01-23,7.93,2,580.22,20.9
2023-01-24,7.747,2,534.84,21.2
2023-01-25,7.893,2,560.9,21.4
2023-01-26,7.624,2,507.22,22.3
2023-01-27,7.478,2,473.93,22.9
2023-01-28,7.373,2,457.91,23.3
2023-01-29,7.159,2,478.59,22.5
2023-01-30,7.222,2,3435.54,21.2
2023-01-31,7.29,2,1437.37,22.1
2023-02-01,7.206,2,747.52,22.8
2023-02-02,7.461,2,608.96,21.2
2023-02-03,0.0,161,606.76,18.9
2023-02-04,8.903,2,649.04,16.8
2023-02-05,9.165,2,595.45,16.8
2023-02-06,8.423,2,542.55,19.7
2023-02-07,8.038,2,511.82,21.6
2023-02-08,7.981,2,489.96,22.4
2023-02-09,7.859,2,493.03,22.6
2023-02-10,7.926,2,582.63,22.4
2023-02-11,7.816,2,508.9,23.0
2023-02-12,7.776,2,467.43,22.9
2023-02-13,7.868,2,448.23,22.6
2023-02-14,8.048,2,433.7,21.9
2023-02-15,8.076,2,427.21,21.8
2023-02-16,8.009,2,420.67,22.1
2023-02-17,7.854,2,417.23,22.6
2023-02-18,7.625,2,410.0,23.5
2023-02-19,7.707,2,396.15,23.4
2023-02-20,7.693,2,383.24,23.5
2023-02-21,7.596,2,368.72,23.9
2023-02-22,7.78,2,360.97,23.0
2023-02-23,7.873,2,354.47,22.2
2023-02-24,7.99,2,353.38,22.2
2023-02-25,8.03,2,348.15,22.0
2023-02-26,7.818,2,339.82,22.4
2023-02-27,8.06,2,339.33,21.7
2023-02-28,8.062,2,333.88,21.6
2023-03-01,7.942,2,329.31,21.9
2023-03-02,7.91,2,323.6,22.1
2023-03-03,7.821,2,317.53,21.9
2023-03-04,7.508,2,320.57,22.4
2023-03-05,6.902,2,334.77,22.8
2023-03-06,6.93,2,333.84,22.8
2023-03-07,7.665,2,330.34,21.1
2023-03-08,8.127,15,316.31,19.0
2023-03-09,8.705,15,334.39,17.8
2023-03-10,8.77,15,323.95,17.8
2023-03-11,8.584,15,316.89,18.4
2023-03-12,8.415,15,313.41,18.9
2023-03-13,8.205,15,313.08,19.9
2023-03-14,8.06,15,302.66,20.4
2023-03-15,7.824,15,294.27,20.9
2023-03-16,7.799,15,294.3,21.0
2023-03-17,7.675,15,288.05,21.4
2023-03-18,7.945,15,280.31,20.6
2023-03-19,7.904,15,272.55,21.0
2023-03-20,7.714,15,273.5,21.1
2023-03-21,8.148,15,279.8,19.2
2023-03-22,7.996,15,316.43,18.8
2023-03-23,8.156,15,362.39,18.6
2023-03-24,8.445,15,341.61,18.5
2023-03-25,8.118,15,320.38,19.0
2023-03-26,8.099,15,313.08,19.3
2023-03-27,7.875,15,303.32,19.6
2023-03-28,8.086,15,318.72,20.1
2023-03-29,8.007,15,657.8,18.9
2023-03-30,8.466,15,648.22,17.0
2023-03-31,8.839,15,415.2,15.8
2023-04-01,8.812,15,358.61,16.1
2023-04-02,8.401,15,334.23,16.2
2023-04-03,0.0,161,321.15,16.4
2023-04-04,0.0,161,312.9,16.8
2023-04-05,0.0,161,307.68,17.2
2023-04-06,0.0,161,300.56,16.9
2023-04-07,0.0,161,333.58,16.3
2023-04-08,0.0,161,446.67,15.3
2023-04-09,0.0,161,373.91,14.7
2023-04-10,0.0,161,334.82,14.0
2023-04-11,0.0,161,321.54,14.0
2023-04-12,0.0,161,323.71,14.3
2023-04-13,9.473,2,346.07,14.7
2023-04-14,9.391,2,325.1,15.2
2023-04-15,9.366,2,310.42,14.9
2023-04-16,9.128,2,409.47,15.2
2023-04-17,9.705,2,685.95,14.0
2023-04-18,9.814,2,455.43,13.9
2023-04-19,9.805,2,390.32,13.9
2023-04-20,9.799,2,362.3,14.0
2023-04-21,9.805,2,346.54,14.2
2023-04-22,9.732,2,335.75,14.5
2023-04-23,9.712,2,326.9,14.6
2023-04-24,9.672,2,320.98,15.0
2023-04-25,9.466,2,316.4,15.5
2023-04-26,9.458,2,311.95,15.3
2023-04-27,9.488,2,309.47,14.9
2023-04-28,9.269,2,310.84,15.0
2023-04-29,9.384,2,356.75,14.8
2023-04-30,9.605,2,374.28,14.3
2023-05-01,9.843,2,354.12,13.6
2023-05-02,9.853,2,351.26,13.6
2023-05-03,9.805,2,371.44,13.4
2023-05-04,10.302,2,503.61,12.1
2023-05-05,10.501,2,425.91,11.4
2023-05-06,10.516,2,385.04,10.9
2023-05-07,10.668,2,403.76,10.7
2023-05-08,11.068,2,403.17,9.8
2023-05-09,11.024,2,377.86,10.0
2023-05-10,10.921,2,365.5,10.3
2023-05-11,10.906,2,355.36,10.2
2023-05-12,10.992,2,348.66,10.1
2023-05-13,10.973,2,343.16,10.3
2023-05-14,11.002,2,337.73,10.2
2023-05-15,10.992,2,333.43,10.1
2023-05-16,10.98,2,329.24,10.0
2023-05-17,10.854,2,328.96,10.3
2023-05-18,11.055,2,324.69,9.5
2023-05-19,11.41,2,320.21,8.6
2023-05-20,11.249,2,319.27,9.0
2023-05-21,10.914,2,333.69,9.8
2023-05-22,11.261,2,349.46,9.1
2023-05-23,11.545,2,324.67,8.2
2023-05-24,11.766,2,317.82,7.7
2023-05-25,11.638,2,316.14,8.0
2023-05-26,11.257,2,353.19,9.0
2023-05-27,11.122,2,386.57,8.7
2023-05-28,11.222,2,346.64,8.6
2023-05-29,11.055,2,393.46,9.3
2023-05-30,10.788,2,407.5,10.3
2023-05-31,10.405,2,427.4,11.2
2023-06-01,10.242,2,455.98,11.7
2023-06-02,10.466,2,441.02,11.4
2023-06-03,10.472,2,418.24,11.6
2023-06-04,10.497,2,407.42,11.4
2023-06-05,10.66,2,392.05,10.7
2023-06-06,10.39,2,401.45,11.2
2023-06-07,10.246,2,442.95,12.0
2023-06-08,9.832,2,724.14,12.6
2023-06-09,10.23,2,1790.52,11.2
2023-06-10,11.002,2,1456.82,9.5
2023-06-11,11.126,2,1182.74,9.1
2023-06-12,11.448,2,1002.69,8.0
2023-06-13,11.442,2,904.72,7.9
2023-06-14,10.97,2,1238.48,8.8
2023-06-15,10.91,2,1133.65,9.3
2023-06-16,10.906,2,1212.77,9.5
2023-06-17,10.904,2,1177.63,9.6
2023-06-18,10.938,2,1156.73,9.4
2023-06-19,11.188,2,1218.77,8.5
2023-06-20,11.759,2,1383.73,7.0
2023-06-21,12.003,2,1179.25,6.6
2023-06-22,11.926,2,1094.68,6.8
2023-06-23,11.339,2,1316.74,8.0
2023-06-24,11.186,2,1744.49,8.5
2023-06-25,11.103,2,1729.8,8.9
2023-06-26,11.087,2,1791.82,9.2
2023-06-27,11.199,2,1818.77,9.1
2023-06-28,11.162,2,1764.47,9.3
2023-06-29,11.33,2,1691.79,8.9
2023-06-30,11.406,2,1587.85,8.9
2023-07-01,11.218,2,1529.49,9.5
2023-07-02,11.43,2,1403.4,9.1
2023-07-03,11.839,2,1308.55,8.0
2023-07-04,11.659,2,1298.89,8.2
2023-07-05,10.969,2,1773.47,10.0
2023-07-06,10.978,2,1709.42,10.1
2023-07-07,11.114,2,1788.56,9.7
2023-07-08,11.188,2,2081.57,9.3
2023-07-09,11.18,2,3123.19,9.4
2023-07-10,11.094,2,3269.14,10.3
2023-07-11,11.157,2,3145.32,10.4
2023-07-12,11.257,2,2893.15,10.2
2023-07-13,11.49,2,2646.65,9.3
2023-07-14,11.565,2,2418.99,8.9
2023-07-15,11.548,2,2205.97,8.8
2023-07-16,11.462,2,2008.83,9.2
2023-07-17,11.68,2,1826.91,8.5
2023-07-18,11.721,2,1678.16,8.1
2023-07-19,11.768,2,1558.66,7.9
2023-07-20,11.913,2,1445.67,7.3
2023-07-21,11.609,2,1383.84,8.2
2023-07-22,11.691,2,1293.93,7.9
2023-07-23,11.92,2,1210.32,7.2
2023-07-24,12.024,2,1141.94,7.2
2023-07-25,12.031,2,1081.69,7.3
2023-07-26,12.054,2,1031.38,7.1
2023-07-27,12.04,2,989.22,7.0
2023-07-28,11.646,2,1017.45,7.6
2023-07-29,11.2,2,1091.52,9.0
2023-07-30,10.78,2,970.42,10.4
2023-07-31,10.712,2,917.63,10.9
2023-08-01,10.737,15,877.25,10.8
2023-08-02,11.158,15,841.98,9.8
2023-08-03,11.512,15,809.96,9.2
2023-08-04,11.269,15,789.01,9.9
2023-08-05,10.276,15,1034.93,11.5
2023-08-06,10.854,15,933.85,10.8
2023-08-07,11.019,15,825.72,9.9
2023-08-08,11.112,15,780.21,9.4
2023-08-09,11.232,15,748.58,8.9
2023-08-10,10.979,2,749.88,8.7
2023-08-11,11.139,2,774.43,8.5
2023-08-12,11.004,2,721.95,8.9
2023-08-13,10.779,2,712.03,9.8
2023-08-14,10.548,2,691.43,10.5
2023-08-15,10.821,2,667.67,9.7
2023-08-16,11.055,2,645.29,9.1
2023-08-17,11.14,2,629.8,8.6
2023-08-18,10.912,2,673.45,9.1
2023-08-19,11.112,2,705.46,8.6
2023-08-20,11.081,2,691.8,9.3
2023-08-21,10.756,2,656.9,10.3
2023-08-22,10.6,2,673.25,10.5
2023-08-23,10.151,2,1012.49,11.0
2023-08-24,10.609,2,719.96,10.5
2023-08-25,10.805,2,657.24,10.2
2023-08-26,10.883,2,633.96,10.2
2023-08-27,10.787,2,615.28,10.4
2023-08-28,10.547,2,633.21,10.9
2023-08-29,10.554,2,670.49,11.0
2023-08-30,10.277,2,637.73,11.5
2023-08-31,10.365,2,783.65,11.2
2023-09-01,10.364,2,681.0,11.6
2023-09-02,10.572,2,623.06,11.1
2023-09-03,10.679,2,605.38,10.8
2023-09-04,10.497,2,594.67,11.2
2023-09-05,10.041,2,588.89,12.5
2023-09-06,10.615,2,581.05,11.2
2023-09-07,10.534,2,564.85,11.4
2023-09-08,10.177,2,633.46,11.9
2023-09-09,10.838,2,762.15,10.3
2023-09-10,11.052,2,662.9,10.2
2023-09-11,11.047,2,629.67,10.5
2023-09-12,10.675,2,614.65,11.6
2023-09-13,10.513,2,603.83,12.1
2023-09-14,10.211,2,593.83,13.1
2023-09-15,9.9,2,581.31,14.1
2023-09-16,9.749,2,568.61,14.5
2023-09-17,9.721,2,552.41,14.6
2023-09-18,9.534,2,539.05,14.9
2023-09-19,9.289,2,528.93,15.7
2023-09-20,8.962,2,508.08,16.4
2023-09-21,9.354,2,507.73,15.1
2023-09-22,9.86,2,495.15,13.9
2023-09-23,10.013,2,480.17,13.4
2023-09-24,9.933,2,473.77,13.8
2023-09-25,9.713,2,464.17,14.6
2023-09-26,9.506,15,458.78,15.6
2023-09-27,9.338,15,458.26,15.5
2023-09-28,9.561,15,444.03,15.6
2023-09-29,9.383,15,431.72,15.7
2023-09-30,0.0,161,422.69,15.7
2023-10-01,8.865,15,415.7,15.4
2023-10-02,0.0,161,408.74,15.4
2023-10-03,8.246,2,408.25,15.9
2023-10-04,8.07,2,534.21,15.1
2023-10-05,8.573,2,1295.59,13.4
2023-10-06,8.905,2,904.79,13.4
2023-10-07,9.194,2,713.84,13.7
2023-10-08,8.899,15,643.55,14.0
2023-10-09,8.659,15,605.11,14.4
2023-10-10,8.463,15,574.16,14.9
2023-10-11,8.987,15,548.3,15.4
2023-10-12,9.28,2,531.72,14.7
2023-10-13,9.99,2,578.21,12.7
2023-10-14,10.038,2,555.18,13.2
2023-10-15,9.816,2,530.88,13.7
2023-10-16,9.874,2,539.19,13.6
2023-10-17,10.356,15,611.4,13.2
2023-10-18,10.064,15,518.92,14.7
2023-10-19,9.732,15,492.21,16.3
2023-10-20,9.411,15,475.76,17.6
2023-10-21,9.085,15,462.64,18.2
2023-10-22,9.154,15,449.57,16.9
2023-10-23,10.024,15,473.83,15.9
2023-10-24,9.777,15,456.64,16.7
2023-10-25,9.704,15,429.98,17.0
2023-10-26,10.282,15,414.44,15.5
2023-10-27,10.633,15,402.7,15.3
2023-10-28,0.0,161,392.37,15.7
2023-10-29,0.0,161,389.91,16.1
2023-10-30,9.774,15,385.2,15.9
2023-10-31,0.0,161,381.76,15.6
2023-11-01,0.0,161,366.98,16.1
2023-11-02,0.0,161,352.99,17.4
2023-11-03,0.0,161,351.19,18.5
2023-11-04,8.923,15,341.65,19.1
2023-11-05,8.498,2,336.53,19.4
2023-11-06,8.313,2,330.81,19.8
2023-11-07,8.757,2,327.97,20.2
2023-11-08,8.177,100,326.32,20.7
2023-11-09,7.561,100,484.59,20.0
2023-11-10,6.127,100,559.22,20.0
2023-11-11,6.1,100,382.01,21.2
2023-11-12,6.936,100,347.21,22.6
2023-11-13,8.2,100,323.01,21.5
2023-11-14,8.326,100,316.43,20.0
2023-11-15,8.486,100,324.82,19.9
2023-11-16,8.346,100,310.7,20.2
2023-11-17,8.377,100,292.05,19.9
2023-11-18,8.522,100,285.8,20.2
2023-11-19,8.356,100,279.25,21.1
2023-11-20,8.235,100,275.84,21.4
2023-11-21,8.38,100,279.68,21.3
2023-11-22,8.151,100,329.38,21.3
2023-11-23,8.198,100,314.89,21.9
2023-11-24,8.234,100,278.84,21.1
2023-11-25,8.132,100,386.66,20.7
2023-11-26,8.456,100,582.65,20.0
2023-11-27,8.656,100,405.06,20.2
2023-11-28,8.658,100,344.87,20.4
2023-11-29,8.75,100,433.09,19.7
2023-11-30,8.877,100,543.81,19.2
2023-12-01,8.442,100,431.4,20.0
2023-12-02,7.847,100,469.08,20.3
2023-12-03,8.749,100,632.04,19.4
2023-12-04,8.884,100,523.51,21.0
2023-12-05,8.554,100,461.78,22.2
2023-12-06,8.547,100,424.54,23.2
2023-12-07,9.063,100,392.68,21.9
2023-12-08,9.485,100,394.28,21.0
2023-12-09,8.769,100,406.8,22.7
2023-12-10,8.854,100,373.19,24.3
2023-12-11,8.521,100,368.3,24.4
2023-12-12,7.897,100,359.77,25.1
2023-12-13,7.002,2,340.4,26.4
2023-12-14,6.996,2,362.49,25.6
2023-12-15,7.301,2,345.93,24.2
2023-12-16,7.497,2,310.18,23.2
2023-12-17,7.709,2,296.17,22.5
2023-12-18,7.521,2,285.81,23.1
2023-12-19,7.16,2,277.39,24.3
2023-12-20,7.349,2,272.81,22.5
2023-12-21,7.878,2,271.94,21.3
2023-12-22,7.604,2,265.11,22.0
2023-12-23,7.33,100,254.17,22.3
2023-12-24,6.893,100,252.18,22.3
2023-12-25,7.199,100,285.62,20.9
2023-12-26,7.358,100,404.78,20.3
2023-12-27,6.996,100,357.3,21.0
2023-12-28,6.198,100,353.43,22.7
2023-12-29,5.443,100,334.24,23.1
2023-12-30,5.537,100,278.35,22.7
2023-12-31,4.024,100,257.18,23.1
2024-01-01,3.447,100,249.54,24.2
2024-01-02,2.59,100,244.67,24.5
2024-01-03,0.0,161,249.25,25.2
2024-01-04,0.0,161,290.34,25.5
2024-01-05,0.0,161,275.02,25.4
2024-01-06,0.0,161,242.76,26.0
2024-01-07,0.0,161,240.19,24.5
2024-01-08,0.0,161,442.46,23.3
2024-01-09,0.0,161,829.11,22.6
2024-01-10,0.0,161,495.11,23.9
2024-01-11,0.0,161,385.66,25.5
2024-01-12,0.0,161,338.09,26.7
2024-01-13,0.0,161,315.74,26.6
2024-01-14,0.0,161,388.68,25.1
2024-01-15,0.0,180,342.76,24.8
2024-01-16,0.0,180,306.95,24.5
2024-01-17,0.0,180,299.47,23.1
2024-01-18,7.337,2,403.18,22.7
2024-01-19,7.408,2,319.86,22.7
2024-01-20,7.203,2,280.72,22.8
2024-01-21,7.211,2,267.51,23.3
2024-01-22,7.067,2,252.63,24.0
2024-01-23,6.953,2,240.3,24.6
2024-01-24,6.885,2,236.97,24.3
2024-01-25,6.86,2,247.25,23.8
2024-01-26,6.977,2,311.8,24.2
2024-01-27,7.181,2,302.19,23.6
2024-01-28,7.217,2,246.74,23.3
2024-01-29,7.072,2,234.4,24.3
2024-01-30,6.695,2,227.04,25.7
2024-01-31,6.487,2,216.92,26.2
2024-02-01,6.53,2,212.18,25.7
2024-02-02,6.583,2,206.25,24.9
2024-02-03,6.588,2,200.38,24.7
2024-02-04,6.331,2,194.97,24.8
2024-02-05,5.836,2,197.72,24.1
2024-02-06,6.332,15,232.12,24.0
2024-02-07,6.763,15,248.88,23.1
2024-02-08,6.793,15,211.93,23.5
2024-02-09,6.617,15,197.27,24.1
2024-02-10,6.644,15,192.89,24.3
2024-02-11,6.751,15,189.83,24.1
2024-02-12,6.952,15,181.05,24.3
2024-02-13,6.9,15,183.36,24.7
2024-02-14,7.16,15,199.49,24.5
2024-02-15,7.306,2,197.86,23.4
2024-02-16,7.303,2,187.28,23.2
2024-02-17,7.157,2,191.23,24.4
2024-02-18,7.003,2,186.55,25.0
2024-02-19,6.974,2,172.5,24.9
2024-02-20,7.023,2,170.42,24.5
2024-02-21,7.045,2,200.34,24.3
2024-02-22,7.001,2,224.02,24.8
2024-02-23,6.847,2,210.33,24.8
2024-02-24,7.314,2,219.63,23.6
2024-02-25,7.433,2,204.81,23.2
2024-02-26,7.229,2,194.74,24.0
2024-02-27,7.155,2,190.69,24.4
2024-02-28,6.997,2,185.94,24.5
2024-02-29,6.75,2,176.76,25.0
2024-03-01,7.029,2,170.0,24.3
2024-03-02,7.196,2,169.36,23.8
2024-03-03,7.414,2,160.79,23.1
2024-03-04,7.674,2,160.06,21.8
2024-03-05,7.819,2,155.9,21.6
2024-03-06,7.436,2,160.88,21.7
2024-03-07,7.199,2,156.04,22.4
2024-03-08,7.08,2,157.18,23.6
2024-03-09,6.971,2,150.57,24.3
2024-03-10,6.856,2,147.45,24.6
2024-03-11,6.779,2,145.47,24.4
2024-03-12,6.765,2,148.15,24.2
2024-03-13,6.521,2,147.27,23.7
2024-03-14,6.803,2,159.66,23.3
2024-03-15,7.153,2,153.33,22.6
2024-03-16,7.582,2,142.78,21.8
2024-03-17,7.572,2,140.13,21.8
2024-03-18,7.688,2,143.87,22.0
2024-03-19,7.589,2,152.05,22.3
2024-03-20,7.424,2,184.54,22.3
2024-03-21,8.381,2,198.17,19.7
2024-03-22,8.617,2,165.78,18.9
2024-03-23,8.577,2,152.3,19.0
2024-03-24,8.398,2,148.98,19.3
2024-03-25,8.509,2,145.24,18.9
2024-03-26,8.505,2,140.79,18.8
2024-03-27,8.505,2,140.67,18.8
2024-03-28,8.464,2,134.59,18.8
2024-03-29,8.34,2,134.64,19.0
2024-03-30,8.161,2,136.16,19.5
2024-03-31,8.015,2,134.53,19.8
2024-04-01,7.98,2,134.8,19.5
2024-04-02,7.697,2,138.6,19.7
2024-04-03,7.974,2,181.86,19.1
2024-04-04,8.433,2,169.61,18.0
2024-04-05,8.413,2,154.13,17.5
2024-04-06,8.28,2,170.57,16.9
2024-04-07,8.331,2,248.73,17.2
2024-04-08,8.224,2,229.14,17.9
2024-04-09,8.502,2,200.45,17.2
2024-04-10,9.242,2,197.45,15.5
2024-04-11,9.321,2,184.16,15.3
2024-04-12,9.382,2,165.49,15.2
2024-04-13,9.446,2,158.44,15.0
2024-04-14,9.461,2,158.2,14.9
2024-04-15,9.471,2,154.94,14.8
2024-04-16,9.514,2,152.19,14.7
2024-04-17,9.647,2,151.4,14.2
2024-04-18,9.509,2,153.35,14.3
2024-04-19,9.394,2,151.46,14.7
2024-04-20,9.498,2,150.7,14.5
2024-04-21,9.725,2,148.17,14.0
2024-04-22,9.649,2,146.42,14.0
2024-04-23,9.556,2,144.57,14.0
2024-04-24,9.123,2,144.55,14.9
2024-04-25,9.505,2,143.25,13.7
2024-04-26,9.834,2,138.9,12.9
2024-04-27,9.906,2,142.17,12.6
2024-04-28,9.864,2,143.26,12.3
2024-04-29,9.558,2,141.84,12.9
2024-04-30,9.373,2,142.87,13.5
2024-05-01,9.668,2,141.92,12.7
2024-05-02,9.962,2,140.0,12.0
2024-05-03,9.973,2,139.42,12.1
2024-05-04,9.722,2,139.62,12.0
2024-05-05,9.702,2,141.89,12.3
2024-05-06,9.769,2,138.7,12.4
2024-05-07,10.11,2,132.39,12.1
2024-05-08,10.077,2,134.03,12.3
2024-05-09,9.675,2,134.81,13.4
2024-05-10,9.407,2,136.87,14.0
2024-05-11,9.293,2,139.93,14.2
2024-05-12,9.277,2,145.49,14.3
2024-05-13,9.581,2,146.07,13.4
2024-05-14,9.809,2,140.62,12.8
2024-05-15,10.079,2,136.74,11.9
2024-05-16,10.334,2,137.48,11.2
2024-05-17,10.57,2,136.29,10.8
2024-05-18,10.521,2,134.39,10.5
2024-05-19,10.897,2,137.6,9.4
2024-05-20,11.06,2,137.26,9.2
2024-05-21,11.184,2,136.66,8.8
2024-05-22,11.338,2,135.51,8.4
2024-05-23,11.407,2,137.94,8.4
2024-05-24,11.453,2,136.72,8.0
2024-05-25,11.516,2,134.33,7.8
2024-05-26,11.602,2,137.83,7.7
2024-05-27,11.558,2,136.18,7.7
2024-05-28,11.642,2,137.6,7.5
2024-05-29,11.762,2,136.4,7.2
2024-05-30,11.149,2,138.6,8.8
2024-05-31,9.889,2,262.62,11.8
2024-06-01,10.026,2,529.32,11.0
2024-06-02,10.368,2,256.0,9.9
2024-06-03,10.443,2,205.1,9.6
2024-06-04,10.419,2,190.14,9.9
2024-06-05,10.575,2,188.95,9.9
2024-06-06,10.63,2,179.55,9.9
2024-06-07,10.225,2,171.05,10.8
2024-06-08,9.881,2,165.93,11.0
2024-06-09,10.036,2,163.82,10.7
2024-06-10,10.083,2,163.3,10.8
2024-06-11,10.404,2,170.87,9.5
2024-06-12,10.494,2,282.6,9.7
2024-06-13,11.123,2,346.09,8.2
2024-06-14,11.409,2,250.35,7.6
2024-06-15,11.107,2,214.7,8.4
2024-06-16,11.117,2,197.2,8.1
2024-06-17,11.349,2,187.6,7.5
2024-06-18,11.559,2,181.01,6.9
2024-06-19,11.859,2,175.76,6.0
2024-06-20,12.165,2,173.07,5.3
2024-06-21,11.971,2,171.64,6.2
2024-06-22,11.826,2,168.19,6.5
2024-06-23,11.994,2,166.06,6.0
2024-06-24,12.107,2,164.55,5.5
2024-06-25,11.999,2,165.87,6.1
2024-06-26,11.55,2,167.94,7.0
2024-06-27,11.097,2,173.52,8.2
2024-06-28,10.815,2,184.61,9.1
2024-06-29,10.912,2,183.94,8.5
2024-06-30,10.76,2,222.08,9.1
2024-07-01,11.397,2,301.46,7.5
2024-07-02,11.948,2,221.95,6.4
2024-07-03,12.251,2,199.2,5.8
2024-07-04,12.358,2,188.73,5.8
2024-07-05,12.361,2,183.29,5.8
2024-07-06,12.455,2,178.77,5.7
2024-07-07,12.611,2,173.94,5.2
2024-07-08,12.277,2,172.67,5.8
2024-07-09,11.609,2,194.11,7.4
2024-07-10,11.032,2,247.08,8.2
2024-07-11,10.969,2,247.6,8.5
2024-07-12,11.035,2,230.38,8.2
2024-07-13,10.875,2,213.49,8.7
2024-07-14,10.934,2,204.28,8.4
2024-07-15,11.124,2,201.12,7.4
2024-07-16,11.078,2,316.35,7.3
2024-07-17,10.862,2,345.83,7.9
2024-07-18,11.003,2,304.59,7.8
2024-07-19,11.143,2,280.66,7.5
2024-07-20,10.893,2,403.24,7.9
2024-07-21,10.85,2,835.7,7.8
2024-07-22,10.782,2,593.94,8.6
2024-07-23,10.618,2,545.59,9.3
2024-07-24,10.65,2,485.21,9.0
2024-07-25,10.621,2,458.08,8.6
2024-07-26,10.479,2,659.55,8.8
2024-07-27,10.626,2,596.25,8.5
2024-07-28,10.768,2,557.35,8.1
2024-07-29,11.243,2,535.12,7.3
2024-07-30,11.699,2,473.75,6.3
2024-07-31,11.931,2,436.54,5.9
2024-08-01,11.995,2,410.69,5.7
2024-08-02,11.906,2,389.36,6.0
2024-08-03,11.758,2,368.29,6.4
2024-08-04,11.527,2,351.16,6.8
2024-08-05,11.05,2,338.15,7.2
2024-08-06,11.347,2,337.31,7.4
2024-08-07,10.965,2,321.48,8.2
2024-08-08,10.979,2,305.42,8.3
2024-08-09,10.675,2,296.88,8.4
2024-08-10,11.095,100,290.99,8.4
2024-08-11,11.12,100,284.2,8.8
2024-08-12,11.052,100,275.98,9.3
2024-08-13,10.37,100,270.7,10.6
2024-08-14,10.24,100,269.78,11.5
2024-08-15,10.256,3,270.33,11.7
2024-08-16,10.047,3,270.33,11.8
2024-08-17,10.082,3,322.1,11.2
2024-08-18,10.242,3,336.75,11.3
2024-08-19,10.353,3,300.53,11.7
2024-08-20,10.265,3,286.25,11.7
2024-08-21,9.874,3,284.5,12.3
2024-08-22,9.8,3,320.36,12.7
2024-08-23,10.05,3,391.23,12.2
2024-08-24,9.838,3,356.24,13.2
2024-08-25,9.394,3,357.36,13.6
2024-08-26,9.164,3,820.45,13.2
2024-08-27,9.521,3,641.94,13.0
2024-08-28,9.518,3,542.21,12.9
2024-08-29,9.866,3,508.1,12.3
2024-08-30,9.624,3,490.0,12.6
2024-08-31,9.584,3,478.31,12.5
2024-09-01,9.796,3,444.33,12.5
2024-09-02,9.843,3,418.47,11.9
2024-09-03,10.611,3,405.52,10.9
2024-09-04,10.577,3,386.09,11.2
2024-09-05,10.25,3,371.78,11.8
2024-09-06,10.061,3,360.37,13.4
2024-09-07,9.629,3,356.3,15.4
2024-09-08,9.826,3,354.85,13.9
