Date Time,Oxygen,oxygen_quality,Streamflow,Temperature
2016-11-04,0.0,255,103451.54,20.2
2016-11-05,1.07,2,105226.67,20.1
2016-11-06,1.199,2,106465.55,19.8
2016-11-07,1.235,2,106992.46,20.0
2016-11-08,1.236,2,106154.32,19.9
2016-11-09,1.37,2,105169.01,19.9
2016-11-10,1.389,2,102987.97,20.5
2016-11-11,1.334,2,100816.44,21.1
2016-11-12,1.352,2,98571.53,21.5
2016-11-13,1.353,2,95336.61,20.7
2016-11-14,1.426,2,92192.16,19.6
2016-11-15,1.513,2,89359.67,19.5
2016-11-16,1.539,2,87431.97,20.0
2016-11-17,1.497,2,85251.53,20.8
2016-11-18,1.409,2,82928.73,21.5
2016-11-19,1.369,2,80651.07,21.7
2016-11-20,1.323,2,78178.18,22.3
2016-11-21,1.257,2,75644.9,22.8
2016-11-22,1.216,2,73164.19,22.9
2016-11-23,1.311,2,70781.5,22.2
2016-11-24,1.313,2,67501.22,21.6
2016-11-25,1.244,2,65194.07,21.5
2016-11-26,1.354,2,62943.75,21.5
2016-11-27,0.0,153,60592.03,21.6
2016-11-28,0.0,153,58002.84,21.8
2016-11-29,0.0,153,55399.01,22.4
2016-11-30,2.409,11,53211.01,22.6
2016-12-01,2.434,11,50898.87,22.5
2016-12-02,2.584,11,48496.34,22.7
2016-12-03,2.615,11,46020.68,23.1
2016-12-04,2.487,11,43545.28,23.6
2016-12-05,0.0,153,41257.22,23.7
2016-12-06,0.0,153,39002.49,23.5
2016-12-07,3.341,11,36838.06,23.3
2016-12-08,3.716,11,34747.76,23.5
2016-12-09,0.0,153,32846.6,22.8
2016-12-10,0.0,153,31181.25,22.5
2016-12-11,0.0,153,29665.39,22.8
2016-12-12,0.0,153,28270.73,23.2
2016-12-13,0.0,153,27022.37,23.9
2016-12-14,0.0,153,25928.37,24.1
2016-12-15,4.925,15,24950.01,23.4
2016-12-16,5.134,15,24043.65,23.3
2016-12-17,5.537,15,23128.17,23.4
2016-12-18,5.931,15,22289.63,23.1
2016-12-19,6.225,15,21552.46,23.1
2016-12-20,6.47,15,20922.4,23.4
2016-12-21,6.56,15,20249.27,23.4
2016-12-22,6.61,15,19656.59,23.5
2016-12-23,6.583,15,19119.23,24.0
2016-12-24,6.5,15,18614.63,24.4
2016-12-25,6.427,15,18113.79,24.9
2016-12-26,6.293,15,17773.64,25.2
2016-12-27,6.128,15,17491.52,25.4
2016-12-28,6.126,15,17262.36,25.6
2016-12-29,6.193,15,17030.29,26.0
2016-12-30,6.362,15,16858.79,26.2
2016-12-31,6.67,15,16708.08,26.4
2017-01-01,6.849,15,16561.38,26.4
2017-01-02,6.996,15,16327.81,26.0
2017-01-03,7.216,15,15986.99,25.8
2017-01-04,7.402,15,15499.71,25.9
2017-01-05,7.23,15,14870.61,25.7
2017-01-06,7.393,100,14107.91,25.8
2017-01-07,7.715,100,13241.15,26.3
2017-01-08,7.679,100,12366.02,26.6
2017-01-09,8.845,100,11704.53,26.5
2017-01-10,8.097,100,11323.38,26.8
2017-01-11,8.526,100,11043.78,26.8
2017-01-12,8.549,100,10786.0,26.9
2017-01-13,8.596,100,10378.53,26.7
2017-01-14,9.375,100,9913.34,25.9
2017-01-15,9.273,100,9351.7,25.7
2017-01-16,8.877,100,8716.42,25.8
2017-01-17,8.113,100,8166.54,26.3
2017-01-18,8.39,100,7788.27,26.3
2017-01-19,8.708,100,7626.56,26.3
2017-01-20,8.812,100,7610.91,26.3
2017-01-21,9.232,100,7486.5,25.6
2017-01-22,8.788,100,7400.09,26.0
2017-01-23,7.888,100,7275.87,26.4
2017-01-24,8.552,100,7110.74,26.7
2017-01-25,8.719,100,6870.58,26.3
2017-01-26,7.601,2,6697.68,26.0
2017-01-27,7.564,2,6642.82,26.1
2017-01-28,7.425,2,6730.86,26.5
2017-01-29,7.332,2,6923.46,26.8
2017-01-30,6.924,2,7070.72,26.8
2017-01-31,6.76,2,7177.85,26.4
2017-02-01,6.743,2,7190.68,25.6
2017-02-02,6.974,2,7271.08,25.0
2017-02-03,7.213,2,7279.63,24.9
2017-02-04,7.349,2,7281.91,25.0
2017-02-05,7.258,2,7287.06,25.3
2017-02-06,6.884,2,7274.84,25.2
2017-02-07,7.005,2,7349.89,24.9
2017-02-08,7.414,2,7453.18,25.8
2017-02-09,7.617,2,7456.55,26.7
2017-02-10,7.349,2,7376.16,27.9
2017-02-11,7.193,2,7310.29,28.7
2017-02-12,6.918,2,7264.74,27.5
2017-02-13,7.123,2,7323.0,25.9
2017-02-14,7.254,2,7473.53,25.5
2017-02-15,7.266,2,7617.48,25.2
2017-02-16,7.147,2,7699.16,25.5
2017-02-17,7.198,2,7776.74,25.2
2017-02-18,7.221,2,7795.12,24.4
2017-02-19,7.213,100,7802.4,23.3
2017-02-20,7.465,100,7770.22,22.5
2017-02-21,7.745,100,7614.69,22.5
2017-02-22,7.901,100,7427.7,22.8
2017-02-23,8.014,100,7311.48,23.1
2017-02-24,8.041,100,7193.43,23.2
2017-02-25,7.965,100,7150.14,23.0
2017-02-26,7.871,100,7187.33,23.1
2017-02-27,7.888,100,7228.28,23.7
2017-02-28,7.897,100,7202.86,24.1
2017-03-01,7.797,100,7262.05,24.5
2017-03-02,7.921,100,7368.77,24.8
2017-03-03,8.018,100,7359.61,24.9
2017-03-04,7.996,100,7205.87,25.3
2017-03-05,8.429,100,6904.93,25.7
2017-03-06,8.291,100,6498.66,25.6
2017-03-07,7.705,100,6159.29,25.6
2017-03-08,7.358,15,6005.94,25.5
2017-03-09,7.456,15,5930.41,25.4
2017-03-10,7.558,100,6022.95,25.2
2017-03-11,7.65,100,6070.8,25.0
2017-03-12,7.291,100,6128.37,24.4
2017-03-13,7.334,100,6155.3,23.9
2017-03-14,7.474,100,6180.84,24.1
2017-03-15,7.703,100,6143.82,24.2
2017-03-16,7.768,100,6081.03,24.5
2017-03-17,7.832,100,6076.66,23.9
2017-03-18,7.759,100,5981.95,23.9
2017-03-19,7.807,100,5860.99,24.3
2017-03-20,7.562,100,5741.46,24.7
2017-03-21,7.634,100,5647.48,25.1
2017-03-22,7.603,100,5765.28,25.2
2017-03-23,8.056,100,5895.83,25.0
2017-03-24,7.983,100,5941.85,24.8
2017-03-25,7.884,100,5929.18,24.7
2017-03-26,8.183,100,6010.13,24.8
2017-03-27,8.06,100,6070.4,24.6
2017-03-28,8.405,100,6212.17,23.8
2017-03-29,8.401,100,6351.55,23.2
2017-03-30,8.574,100,6428.68,22.0
2017-03-31,8.67,100,6526.63,21.1
2017-04-01,8.583,100,6636.3,20.3
2017-04-02,8.68,100,6870.18,19.7
2017-04-03,8.571,100,7089.27,19.3
2017-04-04,8.373,100,7324.29,19.4
2017-04-05,8.4,100,7645.77,19.4
2017-04-06,8.253,100,7870.98,19.5
2017-04-07,8.383,100,7899.88,19.5
2017-04-08,8.233,100,7827.02,19.6
2017-04-09,7.981,100,7651.84,19.2
2017-04-10,8.435,100,7315.98,18.1
2017-04-11,0.0,153,6950.17,17.8
2017-04-12,0.0,153,6633.6,17.8
2017-04-13,0.0,153,6272.63,17.9
2017-04-14,0.0,153,5882.76,18.0
2017-04-15,0.0,153,5557.64,18.1
2017-04-16,0.0,153,5425.23,18.0
2017-04-17,0.0,153,5448.08,17.9
2017-04-18,0.0,153,5523.56,17.8
2017-04-19,0.0,153,5483.44,18.1
2017-04-20,0.0,153,5467.89,18.0
2017-04-21,0.0,153,5778.16,18.0
2017-04-22,0.0,153,6055.33,18.2
2017-04-23,0.0,153,6271.48,18.3
2017-04-24,0.0,153,6479.88,18.5
2017-04-25,0.0,153,6773.81,18.7
2017-04-26,0.0,153,7141.31,18.1
2017-04-27,0.0,153,7612.9,17.2
2017-04-28,9.015,2,8108.45,16.9
2017-04-29,8.994,2,8545.48,16.7
2017-04-30,8.914,2,8901.78,16.6
2017-05-01,9.084,2,9198.41,16.4
2017-05-02,9.034,2,9445.91,16.4
2017-05-03,9.013,2,9682.17,16.0
2017-05-04,9.107,2,9878.26,15.6
2017-05-05,9.21,2,10130.15,15.3
2017-05-06,9.296,2,10372.78,15.1
2017-05-07,9.361,2,10454.86,14.8
2017-05-08,9.583,2,10305.62,14.5
2017-05-09,9.738,2,9993.95,14.3
2017-05-10,9.782,2,9577.83,14.1
2017-05-11,9.755,2,9085.47,13.8
2017-05-12,0.0,153,8564.1,13.7
2017-05-13,0.0,153,8030.09,13.5
2017-05-14,0.0,153,7557.22,13.3
2017-05-15,0.0,153,7158.81,13.1
2017-05-16,0.0,153,6810.25,12.9
2017-05-17,0.0,153,6555.94,12.9
2017-05-18,0.0,153,6369.89,12.8
2017-05-19,0.0,153,6342.35,13.0
2017-05-20,0.0,153,6361.38,13.1
2017-05-21,0.0,153,6435.3,13.3
2017-05-22,0.0,153,6518.18,13.5
2017-05-23,0.0,153,6580.67,13.7
2017-05-24,0.0,161,6651.69,13.7
2017-05-25,0.0,161,6650.32,13.8
2017-05-26,0.0,161,6604.25,13.8
2017-05-27,0.0,161,6524.24,13.8
2017-05-28,0.0,161,6466.4,13.6
2017-05-29,0.0,161,6348.64,13.2
2017-05-30,0.0,161,6183.85,13.0
2017-05-31,0.0,161,6007.11,12.3
2017-06-01,0.0,161,5858.5,11.9
2017-06-02,0.0,161,5771.01,11.3
2017-06-03,0.0,161,5797.57,10.9
2017-06-04,0.0,161,5858.4,10.5
2017-06-05,0.0,161,5865.82,10.3
2017-06-06,0.0,161,5796.34,10.4
2017-06-07,0.0,161,5681.27,10.2
2017-06-08,0.0,161,5551.02,10.0
2017-06-09,0.0,161,5460.14,10.0
2017-06-10,0.0,161,5431.77,9.8
2017-06-11,0.0,161,5443.18,10.0
2017-06-12,0.0,161,5452.03,9.9
2017-06-13,0.0,161,5517.47,10.1
2017-06-14,0.0,161,5604.13,10.0
2017-06-15,0.0,161,5629.36,10.0
2017-06-16,0.0,161,5545.72,10.1
2017-06-17,0.0,161,5423.76,10.2
2017-06-18,0.0,161,5284.33,10.2
2017-06-19,0.0,161,5192.64,10.2
2017-06-20,0.0,161,5198.52,9.9
2017-06-21,0.0,161,5263.5,9.7
2017-06-22,0.0,161,5323.32,9.5
2017-06-23,0.0,161,5380.42,9.3
2017-06-24,0.0,161,5381.4,9.4
2017-06-25,0.0,161,5333.17,9.5
2017-06-26,0.0,161,5234.06,9.5
2017-06-27,0.0,161,5134.63,9.8
2017-06-28,0.0,161,5082.62,9.8
2017-06-29,0.0,161,5124.93,9.9
2017-06-30,0.0,161,5203.35,9.7
2017-07-01,0.0,161,5305.16,9.1
2017-07-02,0.0,161,5472.76,8.7
2017-07-03,0.0,161,5734.32,8.6
2017-07-04,0.0,161,6210.36,8.8
2017-07-05,0.0,161,6964.09,9.0
2017-07-06,0.0,161,7857.78,8.9
2017-07-07,0.0,161,8782.22,9.2
2017-07-08,0.0,161,9685.69,9.4
2017-07-09,10.604,100,10591.53,9.4
2017-07-10,10.691,100,11415.99,9.3
2017-07-11,10.63,100,12076.19,9.2
2017-07-12,10.691,100,12586.92,9.1
2017-07-13,10.71,100,12953.71,8.8
2017-07-14,10.659,100,13235.71,8.8
2017-07-15,10.685,100,13382.62,8.8
2017-07-16,10.661,100,13475.28,8.6
2017-07-17,10.708,100,13517.55,8.8
2017-07-18,10.698,100,13436.51,9.0
2017-07-19,10.658,100,13356.86,9.1
2017-07-20,10.742,100,13214.43,9.0
2017-07-21,10.766,2,12984.26,9.1
2017-07-22,10.843,2,12674.63,8.9
2017-07-23,10.892,2,12302.76,9.0
2017-07-24,10.941,2,11878.6,9.2
2017-07-25,10.929,2,11412.17,9.3
2017-07-26,10.897,2,10933.74,9.6
2017-07-27,10.862,2,10433.51,9.7
2017-07-28,0.0,161,9907.44,9.9
2017-07-29,0.0,161,9392.11,9.9
2017-07-30,0.0,161,8857.75,10.4
2017-07-31,0.0,161,8438.91,10.6
2017-08-01,0.0,161,8127.98,10.5
2017-08-02,0.0,161,8023.77,10.5
2017-08-03,10.171,2,8141.9,10.4
2017-08-04,0.0,161,8345.9,10.4
2017-08-05,0.0,161,8483.54,10.3
2017-08-06,0.0,161,8508.58,10.3
2017-08-07,0.0,161,8434.89,10.2
2017-08-08,0.0,161,8301.94,10.2
2017-08-09,0.0,161,8210.97,10.2
2017-08-10,10.758,2,8333.29,10.3
2017-08-11,10.659,2,9142.12,10.5
2017-08-12,10.571,2,10398.04,10.6
2017-08-13,10.436,2,11531.39,10.7
2017-08-14,10.327,2,12331.53,11.0
2017-08-15,10.205,2,12836.22,11.2
2017-08-16,10.013,2,13300.88,11.5
2017-08-17,10.017,2,13744.88,11.5
2017-08-18,10.024,2,14350.08,11.3
2017-08-19,10.063,2,15018.53,11.1
2017-08-20,10.159,2,15678.27,10.9
2017-08-21,10.219,2,16272.19,10.9
2017-08-22,10.295,2,16716.96,10.8
2017-08-23,10.329,2,17031.82,11.0
2017-08-24,10.353,2,17195.94,11.0
2017-08-25,10.395,2,17273.92,11.0
2017-08-26,10.487,2,17429.85,11.0
2017-08-27,10.564,2,17744.69,11.1
2017-08-28,10.579,2,18138.16,10.9
2017-08-29,10.386,2,18430.56,10.9
2017-08-30,10.351,2,18560.65,11.0
2017-08-31,10.403,2,18396.72,11.1
2017-09-01,10.42,2,18017.2,11.2
2017-09-02,10.336,2,17481.52,11.5
2017-09-03,10.198,2,16890.72,11.7
2017-09-04,10.184,2,16245.28,11.8
2017-09-05,10.064,2,15879.1,11.6
2017-09-06,10.019,2,15910.26,11.4
2017-09-07,10.043,2,16082.21,11.5
2017-09-08,10.068,2,16258.18,11.6
2017-09-09,10.053,2,16388.38,11.6
2017-09-10,9.987,2,16413.3,11.9
2017-09-11,9.889,2,16407.59,12.1
2017-09-12,9.735,2,16381.73,12.5
2017-09-13,9.674,2,16350.71,12.8
2017-09-14,9.637,2,16045.84,12.8
2017-09-15,9.657,2,15599.92,12.9
2017-09-16,9.674,2,15031.83,13.0
2017-09-17,9.751,2,14332.18,13.1
2017-09-18,9.844,2,13570.21,13.2
2017-09-19,9.905,2,12692.83,13.2
2017-09-20,9.953,2,11825.81,13.3
2017-09-21,9.953,2,10927.88,13.7
2017-09-22,9.81,2,10030.04,14.3
2017-09-23,9.592,2,9262.26,15.1
2017-09-24,9.408,2,8585.62,15.6
2017-09-25,9.351,2,7955.19,15.7
2017-09-26,9.341,2,7538.55,16.0
2017-09-27,9.341,2,7390.63,16.1
2017-09-28,9.301,2,7438.43,16.1
2017-09-29,9.329,2,7777.51,16.0
2017-09-30,9.395,2,8303.9,16.0
2017-10-01,9.415,2,8905.79,16.2
2017-10-02,9.412,2,9480.3,16.4
2017-10-03,9.254,2,10009.81,16.7
2017-10-04,9.182,2,10581.96,17.0
2017-10-05,9.095,2,11037.93,17.2
2017-10-06,9.046,2,11375.24,17.1
2017-10-07,8.981,2,11581.41,17.2
2017-10-08,8.79,2,11612.32,17.6
2017-10-09,8.746,2,11554.88,17.7
2017-10-10,8.73,2,11428.18,17.9
2017-10-11,8.702,2,11283.18,17.8
2017-10-12,8.717,2,11247.67,17.6
2017-10-13,8.782,2,11046.08,17.7
2017-10-14,8.758,2,10731.29,17.9
2017-10-15,8.686,2,10455.86,18.2
2017-10-16,8.423,2,10227.58,18.9
2017-10-17,8.247,2,10122.02,19.6
2017-10-18,8.224,2,10130.16,20.4
2017-10-19,7.99,2,10158.71,21.4
2017-10-20,7.999,2,10076.61,21.1
2017-10-21,8.077,2,9932.41,20.6
2017-10-22,8.135,2,9954.33,20.2
2017-10-23,8.156,2,10273.72,20.3
2017-10-24,8.143,2,10977.82,20.6
2017-10-25,8.056,2,11761.18,20.8
2017-10-26,8.023,2,12298.74,20.8
2017-10-27,8.021,2,12716.58,20.8
2017-10-28,7.88,2,13068.9,21.1
2017-10-29,7.892,2,13201.36,21.2
2017-10-30,7.986,2,13297.94,20.7
2017-10-31,8.015,2,13388.09,20.2
2017-11-01,8.104,2,13457.14,20.2
2017-11-02,8.125,2,13534.89,20.3
2017-11-03,8.168,2,13578.65,20.3
2017-11-04,8.208,2,13515.83,20.1
2017-11-05,8.245,2,13222.91,20.2
2017-11-06,8.294,2,13049.49,20.3
2017-11-07,8.35,2,12816.28,20.0
2017-11-08,8.38,2,12566.47,20.1
2017-11-09,8.336,2,12362.81,20.4
2017-11-10,8.273,2,12150.64,20.9
2017-11-11,8.123,2,12171.69,21.5
2017-11-12,7.865,2,12554.97,22.2
2017-11-13,7.684,2,13158.72,22.7
2017-11-14,7.595,2,13645.73,23.3
2017-11-15,7.51,2,13983.1,23.2
2017-11-16,7.509,2,14424.75,22.8
2017-11-17,7.532,2,14772.6,22.2
2017-11-18,7.583,2,15045.43,22.2
2017-11-19,7.609,2,15169.12,22.4
2017-11-20,7.581,2,15081.35,23.0
2017-11-21,7.542,2,14952.83,23.5
2017-11-22,7.443,2,14834.01,24.0
2017-11-23,7.317,2,14699.04,24.1
2017-11-24,7.138,2,14711.16,24.3
2017-11-25,6.995,2,14654.16,24.5
2017-11-26,6.983,2,14586.89,24.8
2017-11-27,6.951,2,14542.25,25.2
2017-11-28,6.854,2,14637.89,25.9
2017-11-29,6.779,2,14933.4,26.5
2017-11-30,6.678,2,15397.85,26.8
2017-12-01,6.411,2,16032.37,26.7
2017-12-02,6.295,2,16857.71,25.5
2017-12-03,6.46,2,17288.49,24.1
2017-12-04,6.661,2,17517.91,23.2
2017-12-05,6.91,2,17576.37,22.7
2017-12-06,7.131,2,17486.96,22.6
2017-12-07,7.263,2,17397.9,22.3
2017-12-08,7.277,2,17403.97,22.1
2017-12-09,7.421,2,17547.43,22.3
2017-12-10,7.408,2,17822.7,22.8
2017-12-11,7.306,2,18335.92,23.3
2017-12-12,7.234,2,19209.65,23.9
2017-12-13,7.198,2,20220.72,24.5
2017-12-14,7.051,2,21239.75,24.5
2017-12-15,6.849,2,21967.27,24.5
2017-12-16,6.81,2,22384.65,24.8
2017-12-17,6.186,2,22678.24,25.0
2017-12-18,5.725,2,22755.01,25.2
2017-12-19,5.703,2,22469.38,25.3
2017-12-20,5.691,2,21830.15,25.3
2017-12-21,5.845,2,20587.7,25.1
2017-12-22,5.998,2,19056.34,25.3
2017-12-23,6.174,2,17563.0,25.6
2017-12-24,6.373,2,16205.03,25.7
2017-12-25,6.61,2,15069.18,25.4
2017-12-26,6.788,2,14096.44,25.6
2017-12-27,6.679,2,13256.94,26.1
2017-12-28,6.46,2,12524.03,26.7
2017-12-29,6.19,2,11946.82,26.7
2017-12-30,6.236,2,11407.56,26.4
2017-12-31,6.472,2,10913.78,26.3
2018-01-01,6.697,2,10407.88,26.3
2018-01-02,6.767,2,9937.41,26.0
2018-01-03,6.933,2,9547.9,25.6
2018-01-04,6.973,2,9232.42,25.9
2018-01-05,6.962,2,8923.53,26.4
2018-01-06,6.907,2,8600.12,27.0
2018-01-07,6.823,2,8242.6,27.4
2018-01-08,6.769,2,8111.02,27.4
2018-01-09,6.883,2,8213.71,27.0
2018-01-10,6.961,2,8257.14,26.4
2018-01-11,7.06,2,8181.63,26.4
2018-01-12,7.078,2,8020.75,26.6
2018-01-13,7.031,2,7837.13,25.9
2018-01-14,7.285,2,7589.22,24.9
2018-01-15,7.611,2,7361.59,24.8
2018-01-16,7.613,2,7233.79,25.1
2018-01-17,7.47,2,7062.45,25.7
2018-01-18,7.394,2,6883.11,26.2
2018-01-19,7.351,2,6735.16,26.9
2018-01-20,7.213,2,6579.6,27.6
2018-01-21,7.088,2,6401.81,28.1
2018-01-22,6.688,2,6340.88,28.2
2018-01-23,6.686,2,6374.65,28.1
2018-01-24,6.957,2,6392.12,28.0
2018-01-25,7.062,2,6403.16,28.3
2018-01-26,6.991,2,6399.71,28.6
2018-01-27,6.927,2,6356.8,29.2
2018-01-28,6.736,2,6393.85,29.7
2018-01-29,6.668,2,6539.94,29.6
2018-01-30,6.512,2,6814.25,28.2
2018-01-31,6.831,2,7156.23,26.5
2018-02-01,7.176,2,7417.96,25.5
2018-02-02,7.342,2,7665.0,25.2
2018-02-03,7.312,2,7831.99,25.3
2018-02-04,7.203,2,8000.1,25.6
2018-02-05,7.104,2,8137.29,26.0
2018-02-06,7.034,2,8229.61,26.5
2018-02-07,7.031,2,8353.69,26.8
2018-02-08,7.056,2,8396.43,27.2
2018-02-09,6.902,2,8376.83,27.2
2018-02-10,6.714,2,8304.8,26.8
2018-02-11,6.961,2,8287.67,26.1
2018-02-12,7.276,2,8273.84,25.6
2018-02-13,7.459,2,8261.51,25.3
2018-02-14,7.515,2,8313.06,25.1
2018-02-15,7.41,2,8415.37,24.6
2018-02-16,7.354,2,8510.7,24.6
2018-02-17,7.345,2,8517.2,24.7
2018-02-18,7.276,2,8469.04,24.9
2018-02-19,7.16,2,8371.44,25.2
2018-02-20,7.126,2,8220.71,25.5
2018-02-21,7.017,2,8066.6,25.5
2018-02-22,0.0,161,7946.77,25.5
2018-02-23,6.963,2,7890.14,25.4
2018-02-24,7.053,2,7788.57,25.7
2018-02-25,0.0,161,7577.07,25.2
2018-02-26,7.265,2,7363.27,24.7
2018-02-27,7.356,2,7175.05,24.9
2018-02-28,7.36,2,7006.66,24.7
2018-03-01,7.363,2,6808.25,24.2
2018-03-02,7.368,2,6675.15,24.3
2018-03-03,7.368,2,6623.2,24.4
2018-03-04,7.442,2,6513.88,24.1
2018-03-05,7.448,2,6387.96,23.5
2018-03-06,7.532,2,6264.3,23.1
2018-03-07,7.69,2,6218.8,23.4
2018-03-08,7.834,2,6094.86,23.5
2018-03-09,7.853,2,6042.81,23.8
2018-03-10,7.807,2,6031.23,24.1
2018-03-11,7.696,2,5904.6,24.3
2018-03-12,7.666,2,5766.83,24.0
2018-03-13,7.716,2,5661.41,23.4
2018-03-14,7.714,2,5615.29,23.3
2018-03-15,7.652,2,5499.71,23.0
2018-03-16,7.687,2,5450.2,22.7
2018-03-17,7.706,2,5527.3,22.8
2018-03-18,7.695,2,5546.23,22.5
2018-03-19,7.816,2,5593.33,22.0
2018-03-20,7.932,2,5612.4,22.0
2018-03-21,8.007,2,5727.17,21.5
2018-03-22,8.043,2,5936.56,21.2
2018-03-23,8.032,2,6176.17,21.2
2018-03-24,7.977,2,6368.58,21.6
2018-03-25,7.859,2,6349.42,21.6
2018-03-26,7.958,2,6226.66,20.9
2018-03-27,8.023,2,6133.96,20.6
2018-03-28,8.097,2,6059.28,20.5
2018-03-29,8.18,2,6109.19,20.6
2018-03-30,8.187,2,6202.13,20.4
2018-03-31,8.172,2,6167.52,20.5
2018-04-01,8.139,2,6157.32,20.5
2018-04-02,8.127,2,6184.74,20.4
2018-04-03,8.182,2,6197.41,20.2
2018-04-04,8.201,2,6327.19,20.1
2018-04-05,8.186,2,6461.44,20.0
2018-04-06,8.192,2,6591.44,19.7
2018-04-07,8.213,2,6569.02,19.8
2018-04-08,8.232,2,6559.4,19.7
2018-04-09,8.21,2,6578.89,20.0
2018-04-10,8.174,2,6730.42,20.4
2018-04-11,8.104,2,6963.15,20.8
2018-04-12,7.98,2,7166.94,21.1
2018-04-13,7.91,2,7323.4,21.0
2018-04-14,7.844,2,7292.78,20.2
2018-04-15,7.861,2,7300.84,19.4
2018-04-16,8.007,2,7243.65,19.2
2018-04-17,8.221,2,7153.22,18.8
2018-04-18,8.549,2,7045.71,18.3
2018-04-19,8.711,2,7017.25,18.1
2018-04-20,8.803,2,6992.04,18.2
2018-04-21,8.875,2,6950.27,18.2
2018-04-22,8.927,2,6991.1,18.3
2018-04-23,8.95,2,7073.98,18.4
2018-04-24,8.973,2,7129.46,18.5
2018-04-25,9.009,2,7292.98,18.5
2018-04-26,9.019,2,7434.29,18.3
2018-04-27,9.056,2,7488.01,17.9
2018-04-28,9.101,2,7491.62,17.7
2018-04-29,9.183,2,7560.64,17.4
2018-04-30,9.264,2,7586.31,17.1
2018-05-01,9.356,2,7633.78,16.7
2018-05-02,9.421,2,7720.68,16.6
2018-05-03,9.337,2,7841.61,16.3
2018-05-04,9.371,2,8090.43,16.0
2018-05-05,9.487,2,8269.65,15.7
2018-05-06,9.607,2,8394.93,15.7
2018-05-07,9.712,2,8511.56,15.4
2018-05-08,9.785,2,8585.78,15.3
2018-05-09,9.853,2,8654.01,15.2
2018-05-10,9.872,2,8786.97,14.9
2018-05-11,9.961,2,8976.61,14.0
2018-05-12,10.157,2,9080.05,13.7
2018-05-13,10.32,2,9107.28,13.5
2018-05-14,10.451,2,9125.18,13.3
2018-05-15,10.56,2,9054.61,13.0
2018-05-16,10.621,2,8912.96,12.9
2018-05-17,10.613,2,8737.92,12.6
2018-05-18,10.7,2,8515.16,12.7
2018-05-19,10.736,2,8344.2,12.7
2018-05-20,10.698,2,8263.39,12.5
2018-05-21,10.729,2,8288.06,12.5
2018-05-22,10.768,2,8340.47,12.6
2018-05-23,10.755,2,8418.7,12.6
2018-05-24,10.764,2,8505.96,12.6
2018-05-25,10.7,2,8600.53,12.5
2018-05-26,10.675,2,8690.21,12.3
2018-05-27,10.697,2,8807.58,12.4
2018-05-28,10.697,2,8877.14,12.6
2018-05-29,10.682,2,8905.78,12.9
2018-05-30,10.593,2,8954.7,12.6
2018-05-31,10.571,2,8929.71,12.4
2018-06-01,10.578,2,8810.46,12.0
2018-06-02,10.65,2,8707.46,11.6
2018-06-03,10.752,2,8668.49,11.3
2018-06-04,10.849,2,8671.6,11.0
2018-06-05,10.931,2,8543.55,10.8
2018-06-06,10.993,2,8420.67,10.8
2018-06-07,11.031,2,8363.95,10.8
2018-06-08,11.008,2,8342.54,10.9
2018-06-09,10.992,2,8346.53,11.0
2018-06-10,10.986,2,8322.33,11.1
2018-06-11,10.992,2,8269.71,11.2
2018-06-12,10.905,2,8161.12,11.4
2018-06-13,10.875,2,8010.51,11.4
2018-06-14,10.879,2,7814.04,11.2
2018-06-15,10.886,2,7624.21,11.2
2018-06-16,10.923,2,7385.75,10.9
2018-06-17,10.952,2,7138.22,10.6
2018-06-18,11.042,2,6888.66,10.2
2018-06-19,11.168,2,6637.69,9.8
2018-06-20,11.28,2,6419.2,9.6
2018-06-21,11.38,2,6377.3,9.3
2018-06-22,11.658,2,6354.94,8.9
2018-06-23,11.664,2,6347.67,8.6
2018-06-24,11.734,2,6277.59,8.6
2018-06-25,11.728,2,6188.28,8.4
2018-06-26,11.7,2,6040.24,8.2
2018-06-27,11.726,2,5865.33,8.2
2018-06-28,11.727,2,5820.21,8.4
2018-06-29,11.737,2,5926.8,8.4
2018-06-30,11.73,2,6136.14,8.5
2018-07-01,11.717,2,6357.07,8.4
2018-07-02,11.675,2,6511.9,8.3
2018-07-03,11.675,2,6711.84,8.2
2018-07-04,11.682,2,7105.52,8.3
2018-07-05,11.608,2,7739.42,8.7
2018-07-06,11.468,2,8620.58,9.1
2018-07-07,11.389,2,9537.81,9.1
2018-07-08,11.265,2,10357.42,9.2
2018-07-09,11.357,2,10996.99,9.2
2018-07-10,11.555,2,11439.16,9.0
2018-07-11,11.657,2,11702.57,8.7
2018-07-12,11.534,2,11822.08,8.5
2018-07-13,11.453,2,11801.29,8.3
2018-07-14,11.378,2,11712.38,8.2
2018-07-15,11.246,2,11586.13,8.0
2018-07-16,11.25,2,11499.72,8.2
2018-07-17,11.294,2,11431.57,8.2
2018-07-18,11.326,2,11357.35,8.3
2018-07-19,11.362,2,11242.39,8.5
2018-07-20,11.336,2,11083.8,8.5
2018-07-21,11.321,2,10836.99,8.5
2018-07-22,11.441,2,10473.05,8.6
2018-07-23,11.417,2,10037.73,8.6
2018-07-24,11.378,2,9560.5,8.8
2018-07-25,11.413,2,9058.11,9.2
2018-07-26,11.407,2,8559.39,9.5
2018-07-27,11.349,2,8149.43,9.7
2018-07-28,11.196,2,7932.62,10.0
2018-07-29,11.063,2,7720.85,10.3
2018-07-30,11.088,2,7490.38,10.2
2018-07-31,11.085,2,7272.04,10.3
2018-08-01,11.058,2,7065.29,10.4
2018-08-02,11.066,2,6845.52,10.4
2018-08-03,10.995,2,6588.69,10.2
2018-08-04,10.981,2,6354.04,10.1
2018-08-05,10.989,2,6090.71,10.3
2018-08-06,10.986,2,5759.4,10.4
2018-08-07,10.977,2,5425.98,10.3
2018-08-08,10.928,2,5260.68,10.5
2018-08-09,10.948,2,5165.59,10.7
2018-08-10,10.897,2,5115.67,10.8
2018-08-11,10.722,2,5078.56,11.0
2018-08-12,10.818,2,5034.57,10.7
2018-08-13,10.792,2,4982.76,11.1
2018-08-14,10.7,2,5034.64,11.4
2018-08-15,10.689,2,5257.12,11.3
2018-08-16,10.622,2,5439.33,11.3
2018-08-17,10.606,2,5685.03,11.5
2018-08-18,10.565,2,5949.33,11.6
2018-08-19,10.624,2,6228.48,11.2
2018-08-20,10.666,2,6491.52,11.0
2018-08-21,10.666,2,6763.44,11.0
2018-08-22,10.686,2,6868.09,11.2
2018-08-23,10.811,2,6934.23,11.2
2018-08-24,10.771,2,7005.96,11.4
2018-08-25,10.612,2,7021.6,11.6
2018-08-26,10.479,2,7136.79,11.8
2018-08-27,10.397,2,7197.68,12.0
2018-08-28,10.43,2,7270.12,11.8
2018-08-29,10.445,2,7380.88,11.7
2018-08-30,10.44,2,7515.01,11.6
2018-08-31,10.319,2,7825.4,11.8
2018-09-01,10.275,2,8123.5,12.0
2018-09-02,10.238,2,8414.4,12.1
2018-09-03,10.247,2,8719.46,12.1
2018-09-04,10.254,2,8965.96,12.3
2018-09-05,10.253,2,9173.76,12.6
2018-09-06,10.194,2,9421.34,12.9
2018-09-07,10.128,2,9536.11,13.1
2018-09-08,10.108,2,9536.77,13.1
2018-09-09,10.084,2,9481.86,13.3
2018-09-10,10.155,2,9318.37,13.7
2018-09-11,10.198,2,9170.1,14.2
2018-09-12,10.346,2,9162.45,14.6
2018-09-13,10.335,2,9203.89,14.7
2018-09-14,10.295,2,9259.16,14.9
2018-09-15,10.246,2,9202.88,14.9
2018-09-16,10.283,2,9201.96,14.4
2018-09-17,10.372,2,9067.29,14.3
2018-09-18,10.407,2,8925.91,14.3
2018-09-19,10.36,2,8917.19,14.4
2018-09-20,10.379,2,8989.49,14.4
2018-09-21,10.307,2,9044.16,14.8
2018-09-22,10.138,2,9090.24,15.3
2018-09-23,9.951,2,9249.23,15.7
2018-09-24,9.894,2,9499.3,15.7
2018-09-25,9.83,2,9779.73,15.7
2018-09-26,9.736,2,10066.28,15.9
2018-09-27,9.653,2,10382.18,16.1
2018-09-28,9.582,2,10601.2,16.1
2018-09-29,9.55,2,10742.5,15.9
2018-09-30,9.567,2,10830.15,15.9
2018-10-01,9.527,2,10838.63,16.2
2018-10-02,9.439,2,10811.92,16.5
2018-10-03,9.253,2,10771.44,16.9
2018-10-04,9.189,2,10738.04,17.1
2018-10-05,9.137,2,10789.38,17.3
2018-10-06,9.06,2,10839.11,17.9
2018-10-07,8.953,2,10956.75,18.2
2018-10-08,8.859,2,11141.28,18.6
2018-10-09,8.694,2,11478.18,19.0
2018-10-10,8.62,2,12021.11,18.5
2018-10-11,8.68,2,12809.53,18.4
2018-10-12,8.78,2,13663.5,18.5
2018-10-13,8.825,2,14437.84,18.6
2018-10-14,8.756,2,15174.41,18.9
2018-10-15,8.62,2,15808.39,19.0
2018-10-16,8.435,2,16412.36,19.1
2018-10-17,8.405,2,16860.25,19.1
2018-10-18,8.484,2,17158.58,19.2
2018-10-19,8.578,2,17572.68,19.3
2018-10-20,8.642,2,17875.11,19.3
2018-10-21,8.673,2,18140.29,19.3
2018-10-22,8.657,2,18409.54,19.6
2018-10-23,8.606,2,18529.02,19.7
2018-10-24,8.615,2,18678.12,19.7
2018-10-25,8.547,2,18676.68,19.8
2018-10-26,8.478,2,18570.76,20.0
2018-10-27,8.454,2,18430.22,20.1
2018-10-28,8.449,15,18230.16,20.1
2018-10-29,8.453,15,17899.94,20.0
2018-10-30,8.407,2,17484.14,20.2
2018-10-31,8.336,2,17036.62,20.7
2018-11-01,8.206,2,16570.56,21.2
2018-11-02,7.947,2,16090.81,21.8
2018-11-03,7.869,2,15709.14,21.9
2018-11-04,7.763,2,15357.39,22.2
2018-11-05,7.614,2,15087.75,22.3
2018-11-06,7.503,2,15080.5,22.5
2018-11-07,7.496,2,15029.39,22.0
2018-11-08,7.589,2,14847.56,21.5
2018-11-09,7.746,2,14660.2,21.2
2018-11-10,7.87,2,14486.99,21.2
2018-11-11,7.942,2,14269.24,21.4
2018-11-12,7.867,2,13980.75,21.7
2018-11-13,7.768,2,13681.08,21.9
2018-11-14,7.683,2,13484.88,22.2
2018-11-15,7.735,2,13333.71,22.3
2018-11-16,7.822,2,13272.48,22.5
2018-11-17,7.832,2,13300.57,22.5
2018-11-18,7.823,2,13312.61,22.6
2018-11-19,7.776,2,13230.52,22.9
2018-11-20,7.702,2,13051.17,22.9
2018-11-21,7.693,2,12969.38,22.4
2018-11-22,7.868,2,12874.94,21.1
2018-11-23,8.055,2,12813.66,20.2
2018-11-24,8.319,2,12714.67,19.9
2018-11-25,8.476,2,12621.23,20.3
2018-11-26,8.517,2,12578.71,20.7
2018-11-27,8.456,2,12575.53,21.0
2018-11-28,8.343,2,12711.53,21.2
2018-11-29,8.352,2,12844.99,21.6
2018-11-30,8.28,2,12895.98,22.1
2018-12-01,8.201,2,12903.51,22.4
2018-12-02,8.125,2,12908.48,22.6
2018-12-03,8.067,2,12864.25,22.6
2018-12-04,8.031,2,12792.3,22.8
2018-12-05,7.976,2,12748.83,23.3
2018-12-06,7.906,2,12726.05,23.9
2018-12-07,7.797,2,12651.23,24.3
2018-12-08,7.667,2,12573.32,24.8
2018-12-09,7.504,2,12493.14,25.0
2018-12-10,7.489,2,12461.01,25.2
2018-12-11,7.589,2,12361.77,25.4
2018-12-12,7.593,2,12292.72,25.8
2018-12-13,7.42,2,12386.35,25.1
2018-12-14,7.448,2,12795.93,23.8
2018-12-15,7.608,2,12946.69,23.2
2018-12-16,7.822,2,13095.21,23.1
2018-12-17,7.908,2,13198.78,23.5
2018-12-18,7.99,2,13171.6,24.1
2018-12-19,7.964,2,13139.3,24.7
2018-12-20,7.814,2,13095.55,25.3
2018-12-21,7.83,2,13134.26,25.1
2018-12-22,7.892,2,13049.66,24.7
2018-12-23,7.918,2,13067.51,24.6
2018-12-24,7.927,2,13203.8,24.9
2018-12-25,7.846,2,13391.13,25.3
2018-12-26,7.651,2,13603.38,26.0
2018-12-27,7.453,2,13766.69,26.5
2018-12-28,7.308,2,13836.61,26.7
2018-12-29,7.211,2,13843.04,26.9
2018-12-30,7.131,2,13797.22,26.9
2018-12-31,7.148,2,13717.74,26.8
2019-01-01,7.253,2,13540.52,27.1
2019-01-02,7.293,2,13243.08,27.4
2019-01-03,7.298,2,12920.18,27.7
2019-01-04,7.232,2,12581.8,28.2
2019-01-05,7.14,2,12156.66,27.3
2019-01-06,7.181,2,11801.49,26.6
2019-01-07,7.231,2,11479.3,26.5
2019-01-08,7.235,2,11075.25,26.5
2019-01-09,7.268,2,10756.72,26.2
2019-01-10,7.273,2,10527.49,25.9
2019-01-11,7.372,2,10411.7,26.0
2019-01-12,7.424,2,10348.99,26.3
2019-01-13,7.411,2,10292.96,26.3
2019-01-14,7.323,2,10259.09,26.9
2019-01-15,7.214,2,10224.23,27.5
2019-01-16,7.072,2,10152.11,28.0
2019-01-17,6.983,2,10028.23,28.2
2019-01-18,6.975,2,9896.63,28.3
2019-01-19,7.11,2,9800.69,27.8
2019-01-20,7.293,2,9698.01,27.7
2019-01-21,7.349,2,9713.04,27.9
2019-01-22,7.256,2,9725.08,28.2
2019-01-23,7.2,2,9783.13,28.6
2019-01-24,7.215,2,9826.13,29.0
2019-01-25,7.251,2,9884.48,29.4
2019-01-26,7.27,2,9832.09,28.9
2019-01-27,7.322,2,9786.62,28.1
2019-01-28,7.443,2,9800.21,27.5
2019-01-29,7.682,2,9886.72,27.6
2019-01-30,7.787,2,9965.82,27.7
2019-01-31,7.723,2,10089.53,27.1
2019-02-01,7.766,2,10214.87,26.5
2019-02-02,7.773,2,10232.48,26.7
2019-02-03,7.767,2,10241.69,27.1
2019-02-04,7.71,2,10267.38,27.2
2019-02-05,7.624,2,10339.53,27.3
2019-02-06,7.4,2,10646.78,27.7
2019-02-07,7.371,2,10958.65,28.0
2019-02-08,7.525,2,11112.85,27.7
2019-02-09,7.566,2,11217.14,26.7
2019-02-10,7.731,2,11165.8,25.8
2019-02-11,8.021,2,11084.14,25.6
2019-02-12,8.078,2,10998.98,25.1
2019-02-13,8.153,2,10930.16,23.9
2019-02-14,8.443,2,10905.02,23.7
2019-02-15,8.457,2,10978.38,23.9
2019-02-16,8.38,2,11062.94,24.1
2019-02-17,8.225,2,10991.58,24.5
2019-02-18,8.126,2,10966.97,24.8
2019-02-19,8.06,2,10970.12,24.4
2019-02-20,8.079,2,11046.0,24.1
2019-02-21,8.15,2,11170.61,24.0
2019-02-22,8.163,2,11270.49,23.9
2019-02-23,8.136,2,11367.77,24.0
2019-02-24,8.166,2,11397.23,24.3
2019-02-25,8.173,2,11432.68,24.4
2019-02-26,8.181,2,11472.29,24.7
2019-02-27,8.164,2,11420.27,25.0
2019-02-28,8.174,2,11299.52,25.4
2019-03-01,8.167,2,11084.02,25.7
2019-03-02,8.084,2,10833.34,26.1
2019-03-03,7.93,2,10481.87,26.4
2019-03-04,7.838,2,10155.11,26.5
2019-03-05,7.809,2,9835.71,26.5
2019-03-06,7.954,2,9539.8,25.4
2019-03-07,8.181,2,9356.28,24.4
2019-03-08,8.299,2,9196.64,23.7
2019-03-09,8.417,2,9025.05,23.8
2019-03-10,8.423,2,8821.4,23.5
2019-03-11,8.412,2,8648.94,23.5
2019-03-12,8.384,2,8462.15,23.0
2019-03-13,8.507,2,8261.57,22.5
2019-03-14,8.605,2,8112.98,22.1
2019-03-15,8.701,2,7947.36,22.0
2019-03-16,8.754,2,7764.97,22.1
2019-03-17,8.683,2,7626.19,22.6
2019-03-18,8.578,2,7534.78,23.1
2019-03-19,8.438,2,7406.8,23.4
2019-03-20,8.323,2,7331.58,23.6
2019-03-21,8.249,2,7357.46,23.7
2019-03-22,8.141,2,7442.64,24.1
2019-03-23,7.997,2,7653.28,24.1
2019-03-24,7.905,2,7966.38,23.9
2019-03-25,7.954,2,8070.82,23.2
2019-03-26,8.145,2,8078.16,22.3
2019-03-27,8.334,2,8096.81,21.8
2019-03-28,8.479,2,8003.25,21.4
2019-03-29,8.561,2,7941.13,21.0
2019-03-30,8.582,2,7929.72,20.0
2019-03-31,8.733,2,7933.32,19.4
2019-04-01,8.843,2,7845.06,19.3
2019-04-02,8.968,2,7751.6,19.1
2019-04-03,9.05,2,7724.72,19.2
2019-04-04,9.041,2,7809.8,19.5
2019-04-05,8.938,2,7910.48,20.0
2019-04-06,8.866,2,7940.26,20.2
2019-04-07,8.867,2,7949.52,20.1
2019-04-08,8.888,2,7914.8,20.1
2019-04-09,8.95,2,7773.64,19.6
2019-04-10,9.031,2,7634.96,18.9
2019-04-11,9.134,2,7490.53,18.5
2019-04-12,9.239,2,7356.63,18.2
2019-04-13,9.367,2,7205.65,17.8
2019-04-14,9.438,2,7043.51,17.7
2019-04-15,9.463,2,6827.86,17.7
2019-04-16,9.398,2,6674.02,18.3
2019-04-17,9.319,2,6508.23,18.7
2019-04-18,9.26,2,6458.34,18.9
2019-04-19,9.306,2,6409.54,18.7
2019-04-20,9.188,2,6340.64,18.9
2019-04-21,9.121,2,6271.07,18.9
2019-04-22,9.17,2,6345.23,18.7
2019-04-23,9.202,2,6500.55,18.4
2019-04-24,9.225,2,6754.38,18.3
2019-04-25,9.312,2,6912.4,18.3
2019-04-26,9.332,2,7095.23,17.9
2019-04-27,9.355,2,7186.67,17.1
2019-04-28,9.429,2,7215.21,16.7
2019-04-29,9.511,2,7192.69,16.4
2019-04-30,9.586,2,7197.47,16.2
2019-05-01,9.601,2,7290.65,16.2
2019-05-02,9.53,2,7465.82,16.5
2019-05-03,9.492,2,7672.88,16.6
2019-05-04,9.488,2,7830.82,16.4
2019-05-05,9.523,2,7880.82,16.0
2019-05-06,9.581,2,7859.51,15.8
2019-05-07,9.613,2,7827.56,15.5
2019-05-08,9.659,2,7816.09,15.1
2019-05-09,9.708,2,7838.33,14.8
2019-05-10,9.743,2,7900.17,14.3
2019-05-11,9.901,2,7933.94,13.7
2019-05-12,10.077,2,7930.17,13.7
2019-05-13,10.212,2,7920.65,13.5
2019-05-14,10.329,2,7904.77,13.4
2019-05-15,10.386,2,7898.84,13.4
2019-05-16,10.416,2,7867.97,13.5
2019-05-17,10.414,2,7771.07,13.6
2019-05-18,10.408,2,7705.62,13.6
2019-05-19,10.361,2,7652.83,13.8
2019-05-20,10.19,2,7667.32,14.3
2019-05-21,10.102,2,7713.08,14.3
2019-05-22,10.074,2,7803.85,14.3
2019-05-23,10.091,2,7848.12,14.2
2019-05-24,10.055,2,7871.07,14.3
2019-05-25,10.022,2,7819.42,14.4
2019-05-26,10.037,2,7752.73,14.3
2019-05-27,10.057,2,7704.52,13.9
2019-05-28,10.115,2,7621.88,13.5
2019-05-29,10.109,2,7488.56,13.1
2019-05-30,10.128,2,7315.81,12.3
2019-05-31,10.296,2,7124.11,12.2
2019-06-01,10.459,2,6913.77,12.2
2019-06-02,10.528,2,6719.75,12.2
2019-06-03,10.56,2,6543.52,11.7
2019-06-04,10.657,2,6369.74,11.1
2019-06-05,10.788,2,6198.75,10.8
2019-06-06,10.925,2,6065.93,10.6
2019-06-07,11.05,2,5971.25,10.4
2019-06-08,11.148,2,5909.63,10.3
2019-06-09,11.213,2,5866.99,10.2
2019-06-10,11.133,2,5820.93,10.8
2019-06-11,11.131,2,5716.66,10.9
2019-06-12,10.93,2,5692.44,11.3
2019-06-13,10.826,2,5685.61,11.6
2019-06-14,10.825,2,5710.72,11.8
2019-06-15,10.782,2,5752.66,12.0
2019-06-16,10.808,2,5804.58,11.9
2019-06-17,10.863,2,5897.46,11.7
2019-06-18,10.889,2,6029.63,11.6
2019-06-19,10.94,2,6186.86,11.1
2019-06-20,10.984,2,6358.33,10.9
2019-06-21,11.056,2,6497.3,10.3
2019-06-22,11.131,2,6611.2,10.0
2019-06-23,11.229,2,6710.04,9.7
2019-06-24,11.334,2,6801.96,9.3
2019-06-25,11.426,2,6900.18,9.3
2019-06-26,11.48,2,7010.95,9.3
2019-06-27,11.517,2,7159.9,9.4
2019-06-28,11.512,2,7341.92,9.6
2019-06-29,11.349,2,7553.71,10.1
2019-06-30,11.3,2,7762.27,9.9
2019-07-01,11.287,2,7939.69,9.9
2019-07-02,11.316,2,8097.7,9.7
2019-07-03,11.307,2,8244.4,9.8
2019-07-04,11.352,2,8389.49,9.7
2019-07-05,11.356,2,8520.0,9.9
2019-07-06,11.316,2,8602.81,10.0
2019-07-07,11.146,2,8663.68,10.4
2019-07-08,11.058,2,8740.77,10.7
2019-07-09,11.068,2,8776.67,10.7
2019-07-10,11.043,2,8831.36,10.6
2019-07-11,11.001,2,8896.64,10.6
2019-07-12,10.979,2,8991.73,10.7
2019-07-13,10.987,2,9180.8,10.5
2019-07-14,11.021,2,9454.11,10.2
2019-07-15,11.051,2,9867.78,10.2
2019-07-16,11.039,2,10421.22,10.4
2019-07-17,11.018,2,11106.2,10.6
2019-07-18,10.93,2,11945.08,10.7
2019-07-19,10.876,2,12845.42,10.7
2019-07-20,10.862,2,13693.1,10.6
2019-07-21,10.832,2,14419.23,10.6
2019-07-22,10.852,2,15032.6,10.5
2019-07-23,10.833,2,15516.97,10.5
2019-07-24,10.837,2,15885.5,10.5
2019-07-25,10.813,2,16171.4,10.6
2019-07-26,10.78,2,16369.32,10.6
2019-07-27,10.795,2,16540.69,10.7
2019-07-28,10.843,2,16666.25,10.7
2019-07-29,10.805,2,16759.92,10.8
2019-07-30,10.859,2,16736.97,10.7
2019-07-31,10.918,2,16634.09,10.7
2019-08-01,10.967,2,16533.15,10.5
2019-08-02,11.048,2,16433.15,10.3
2019-08-03,11.114,2,16325.44,10.2
2019-08-04,11.166,2,16140.47,10.2
2019-08-05,11.212,2,15843.54,10.2
2019-08-06,11.205,2,15444.11,10.3
2019-08-07,11.152,2,14986.73,10.4
2019-08-08,11.111,2,14524.41,10.6
2019-08-09,11.111,2,14067.98,10.5
2019-08-10,11.154,2,13587.63,10.3
2019-08-11,11.195,2,13109.04,10.3
2019-08-12,11.281,2,12602.35,10.1
2019-08-13,11.386,2,12093.59,10.0
2019-08-14,11.466,2,11624.64,10.0
2019-08-15,11.506,2,11249.69,10.0
2019-08-16,11.456,2,10948.33,10.4
2019-08-17,11.397,2,10773.95,10.5
2019-08-18,11.299,2,10683.07,10.7
2019-08-19,11.326,2,10645.9,10.4
2019-08-20,11.404,2,10655.87,10.4
2019-08-21,11.423,2,10778.43,10.8
2019-08-22,11.41,2,10950.73,11.0
2019-08-23,11.388,2,11128.13,11.1
2019-08-24,11.285,2,11222.4,11.3
2019-08-25,11.18,2,11339.55,11.4
2019-08-26,11.178,2,11462.54,11.3
2019-08-27,11.2,2,11563.77,11.3
2019-08-28,11.186,2,11628.52,11.3
2019-08-29,11.167,2,11539.13,11.2
2019-08-30,11.153,2,11286.48,11.2
2019-08-31,11.076,2,10915.87,11.5
2019-09-01,10.946,2,10629.68,11.9
2019-09-02,10.743,2,10381.87,12.1
2019-09-03,10.605,2,10156.9,12.6
2019-09-04,10.561,2,9999.91,12.9
2019-09-05,10.462,2,9933.56,13.3
2019-09-06,10.382,2,9888.87,13.4
2019-09-07,10.208,2,9908.71,13.1
2019-09-08,10.192,2,9883.62,12.8
2019-09-09,10.287,2,9832.17,12.5
2019-09-10,10.363,2,9842.6,12.6
2019-09-11,10.447,2,9918.89,12.6
2019-09-12,10.439,2,9976.67,12.9
2019-09-13,10.426,2,10072.88,13.3
2019-09-14,10.272,2,10260.42,13.8
2019-09-15,10.091,2,10384.47,14.2
2019-09-16,9.895,2,10446.93,14.3
2019-09-17,9.899,2,10498.98,13.9
2019-09-18,9.987,2,10475.37,13.9
2019-09-19,9.923,2,10370.07,14.3
2019-09-20,9.72,2,10236.78,14.9
2019-09-21,9.46,2,10246.87,15.2
2019-09-22,9.362,2,10428.64,15.2
2019-09-23,9.385,2,10687.41,15.2
2019-09-24,9.498,2,10999.58,15.1
2019-09-25,9.574,2,11479.35,14.9
2019-09-26,9.59,2,11966.3,14.9
2019-09-27,9.555,2,12502.62,15.2
2019-09-28,9.448,2,13074.14,15.4
2019-09-29,9.359,2,13617.45,15.5
2019-09-30,9.343,2,14158.91,15.5
2019-10-01,9.299,2,14865.19,15.6
2019-10-02,9.196,2,15556.85,15.9
2019-10-03,9.086,2,16133.45,16.3
2019-10-04,8.964,2,16707.26,16.7
2019-10-05,8.948,2,17164.35,17.1
2019-10-06,8.947,2,17526.03,17.5
2019-10-07,8.999,2,17919.51,17.5
2019-10-08,9.171,2,18202.4,17.1
2019-10-09,9.232,2,18421.11,16.8
2019-10-10,9.219,2,18665.31,16.8
2019-10-11,9.252,2,18772.93,16.9
2019-10-12,9.244,2,18833.13,17.0
2019-10-13,9.279,2,18901.82,17.2
2019-10-14,9.061,2,18866.99,17.6
2019-10-15,9.025,2,18777.64,18.0
2019-10-16,8.978,2,18652.63,18.1
2019-10-17,8.962,2,18489.54,17.9
2019-10-18,9.062,2,18235.47,17.8
2019-10-19,9.195,2,17925.11,17.6
2019-10-20,9.259,2,17658.91,17.4
2019-10-21,9.257,2,17315.53,17.6
2019-10-22,9.14,2,16878.53,18.1
2019-10-23,8.975,2,16396.39,18.7
2019-10-24,8.753,2,15995.56,19.4
2019-10-25,8.592,2,15621.99,19.8
2019-10-26,8.527,2,15267.59,19.6
2019-10-27,8.524,2,14984.56,19.4
2019-10-28,8.532,2,14662.99,19.5
2019-10-29,8.492,2,14242.8,19.8
2019-10-30,8.435,2,13692.83,20.2
2019-10-31,8.261,2,13057.71,20.8
2019-11-01,8.109,2,12526.77,21.4
2019-11-02,7.914,2,12181.26,21.4
2019-11-03,7.853,2,12022.73,21.2
2019-11-04,8.004,2,11758.59,20.6
2019-11-05,8.148,2,11543.67,20.2
2019-11-06,8.292,2,11340.5,20.1
2019-11-07,8.411,2,11092.69,20.0
2019-11-08,8.498,2,10994.03,19.7
2019-11-09,8.634,2,10980.28,19.1
2019-11-10,8.779,2,10980.85,19.1
2019-11-11,8.827,2,10980.43,19.5
2019-11-12,8.834,2,10890.56,19.6
2019-11-13,8.83,2,10928.84,19.3
2019-11-14,8.833,2,11019.26,19.5
2019-11-15,8.779,2,11003.04,19.8
2019-11-16,8.766,2,10956.64,19.7
2019-11-17,8.71,2,10858.59,19.7
2019-11-18,8.628,2,10749.67,20.2
2019-11-19,8.714,2,10651.23,21.0
2019-11-20,8.715,2,10521.37,21.8
2019-11-21,8.567,2,10386.25,22.3
2019-11-22,8.492,2,10314.65,22.2
2019-11-23,8.603,2,10275.14,22.4
2019-11-24,8.631,2,10222.14,22.6
2019-11-25,8.629,2,10258.17,22.7
2019-11-26,8.635,2,10202.33,22.1
2019-11-27,8.766,2,10104.63,21.9
2019-11-28,8.895,2,10048.2,22.2
2019-11-29,8.955,2,9977.9,22.6
2019-11-30,9.009,2,9949.12,22.5
2019-12-01,8.89,2,10009.94,21.8
2019-12-02,8.901,2,10168.9,20.9
2019-12-03,9.004,2,10189.99,20.3
2019-12-04,9.154,2,10169.99,20.3
2019-12-05,9.221,2,10162.16,20.8
2019-12-06,9.146,2,10139.89,21.2
2019-12-07,9.159,2,10180.42,21.7
2019-12-08,9.186,2,10154.49,22.4
2019-12-09,9.158,2,10092.72,23.2
2019-12-10,8.961,11,10059.28,23.7
2019-12-11,8.831,11,10037.15,23.9
2019-12-12,8.842,11,9996.21,24.0
2019-12-13,8.854,11,9946.38,23.8
2019-12-14,8.855,11,9799.92,23.9
2019-12-15,8.838,11,9585.93,24.1
2019-12-16,8.898,11,9435.27,24.3
2019-12-17,8.8,11,9239.45,24.9
2019-12-18,8.587,11,9014.66,25.7
2019-12-19,8.304,11,8921.55,26.5
2019-12-20,0.0,180,8948.87,27.2
2019-12-21,0.0,180,9096.64,27.5
2019-12-22,0.0,180,9246.14,26.8
2019-12-23,0.0,180,9426.33,26.8
2019-12-24,0.0,180,9645.53,26.7
2019-12-25,0.0,180,9927.17,26.8
2019-12-26,0.0,180,10074.64,27.1
2019-12-27,0.0,180,10114.19,27.4
2019-12-28,0.0,180,10021.17,27.4
2019-12-29,0.0,180,9911.31,27.6
2019-12-30,0.0,180,9808.06,27.7
2019-12-31,0.0,180,9694.46,27.3
2020-01-01,0.0,180,9574.62,26.7
2020-01-02,0.0,180,9525.62,26.6
2020-01-03,0.0,180,9394.03,26.9
2020-01-04,0.0,180,9288.95,27.0
2020-01-05,0.0,180,9214.37,25.5
2020-01-06,0.0,180,9315.55,24.4
2020-01-07,0.0,180,9568.46,24.3
2020-01-08,0.0,180,9781.3,24.7
2020-01-09,0.0,180,9842.43,25.2
2020-01-10,0.0,180,9823.27,25.7
2020-01-11,0.0,180,9869.52,25.3
2020-01-12,0.0,180,9981.48,24.9
2020-01-13,0.0,180,10073.54,25.1
2020-01-14,0.0,180,10152.31,25.8
2020-01-15,0.0,180,10314.21,26.3
2020-01-16,8.081,2,10518.78,26.0
2020-01-17,8.296,2,10671.25,25.6
2020-01-18,8.348,2,10773.85,25.6
2020-01-19,8.325,2,10896.19,25.3
2020-01-20,8.189,2,10908.19,24.7
2020-01-21,8.014,2,10963.42,24.5
2020-01-22,8.025,2,11036.62,24.6
2020-01-23,7.934,2,11116.15,24.1
2020-01-24,7.979,2,11253.72,23.9
2020-01-25,8.045,2,11283.29,24.2
2020-01-26,7.998,2,11233.56,24.6
2020-01-27,7.923,2,11180.76,25.1
2020-01-28,7.866,2,11108.34,25.3
2020-01-29,7.834,2,11095.33,25.6
2020-01-30,7.785,2,11035.41,26.1
2020-01-31,7.67,2,10912.47,26.9
2020-02-01,7.479,2,10821.78,27.6
2020-02-02,7.413,2,10631.99,27.3
2020-02-03,7.599,2,10510.34,26.4
2020-02-04,7.833,2,10456.94,25.6
2020-02-05,7.997,2,10365.91,25.2
2020-02-06,8.005,2,10367.71,25.3
2020-02-07,7.893,2,10342.53,25.4
2020-02-08,7.768,2,10235.25,25.4
2020-02-09,7.626,2,10150.34,25.1
2020-02-10,7.562,2,10110.59,24.8
2020-02-11,7.621,2,10137.48,25.0
2020-02-12,7.667,2,10185.49,25.4
2020-02-13,7.69,2,10109.1,26.2
2020-02-14,7.561,2,10027.93,26.8
2020-02-15,7.554,2,10006.16,26.9
2020-02-16,7.602,2,9945.37,26.9
2020-02-17,7.606,2,9906.78,27.1
2020-02-18,7.571,2,9831.16,26.8
2020-02-19,7.66,2,9804.64,25.6
2020-02-20,7.729,2,9861.2,24.9
2020-02-21,7.812,2,9983.19,24.5
2020-02-22,7.93,2,10063.86,24.1
2020-02-23,8.0,2,10150.95,24.1
2020-02-24,7.987,2,10240.95,24.6
2020-02-25,7.907,2,10313.49,25.1
2020-02-26,7.849,2,10345.39,24.8
2020-02-27,7.865,2,10308.26,24.2
2020-02-28,7.871,2,10180.17,23.8
2020-02-29,7.891,2,10000.36,23.8
2020-03-01,7.846,2,9826.66,23.9
2020-03-02,7.658,2,9549.07,23.7
2020-03-03,7.658,2,9190.72,23.0
2020-03-04,7.488,2,8844.77,22.7
2020-03-05,7.536,2,8714.46,22.4
2020-03-06,7.849,2,8642.53,22.2
2020-03-07,8.171,2,8549.96,21.9
2020-03-08,8.402,2,8287.36,22.0
2020-03-09,8.473,2,8038.04,22.2
2020-03-10,8.416,2,7877.2,22.5
2020-03-11,8.371,2,7841.99,22.8
2020-03-12,8.344,2,7736.1,23.1
2020-03-13,8.279,2,7705.08,23.2
2020-03-14,8.381,2,7651.62,22.1
2020-03-15,8.51,2,7630.75,21.6
2020-03-16,8.664,2,7707.19,21.5
2020-03-17,8.708,2,7659.11,21.6
2020-03-18,8.715,2,7613.0,21.9
2020-03-19,8.66,2,7435.85,22.4
2020-03-20,8.649,2,7232.02,22.6
2020-03-21,8.651,2,7000.5,22.5
2020-03-22,8.634,2,6735.62,22.1
2020-03-23,8.731,2,6415.35,21.4
2020-03-24,8.699,2,6052.24,20.7
2020-03-25,8.745,2,5819.79,20.2
2020-03-26,8.871,2,5552.75,20.0
2020-03-27,8.94,2,5284.81,20.4
2020-03-28,8.837,2,5104.76,21.0
2020-03-29,8.708,2,5078.39,21.2
2020-03-30,8.701,2,5115.29,21.2
2020-03-31,8.796,2,5180.3,21.0
2020-04-01,8.63,2,5370.01,20.5
2020-04-02,8.531,2,5709.57,20.2
2020-04-03,8.685,2,6015.57,20.0
2020-04-04,8.806,2,6292.85,19.5
2020-04-05,8.94,2,6401.82,18.9
2020-04-06,9.071,2,6408.28,18.9
2020-04-07,9.208,2,6407.93,18.3
2020-04-08,9.318,2,6488.45,18.0
2020-04-09,9.494,2,6598.1,17.9
2020-04-10,9.469,2,6752.46,18.1
2020-04-11,9.475,2,6792.94,17.9
2020-04-12,9.567,2,6776.8,17.5
2020-04-13,9.587,2,6826.39,17.7
2020-04-14,9.606,2,6841.14,17.6
2020-04-15,9.652,2,7041.8,17.9
2020-04-16,9.618,2,7337.6,18.2
2020-04-17,9.608,2,7584.65,18.0
2020-04-18,9.542,2,7781.16,17.8
2020-04-19,9.601,2,7812.91,17.5
2020-04-20,9.578,2,7740.52,17.4
2020-04-21,9.615,2,7492.85,17.3
2020-04-22,9.605,2,7189.18,17.3
2020-04-23,9.458,2,6820.57,17.1
2020-04-24,9.351,2,6467.2,17.1
2020-04-25,9.363,2,6134.09,17.1
2020-04-26,9.292,2,5883.77,17.5
2020-04-27,9.312,2,5580.68,17.3
2020-04-28,9.243,2,5366.71,17.0
2020-04-29,9.079,2,5232.66,16.9
2020-04-30,9.084,2,5267.87,16.2
2020-05-01,9.283,2,5347.17,15.5
2020-05-02,9.475,2,5477.86,15.1
2020-05-03,9.691,2,5626.69,14.7
2020-05-04,9.904,2,5775.72,14.3
2020-05-05,10.092,2,5898.3,14.1
2020-05-06,10.223,2,5954.36,14.0
2020-05-07,10.251,2,5929.4,14.1
2020-05-08,10.212,2,6000.38,14.3
2020-05-09,10.158,2,6401.63,14.3
2020-05-10,10.205,2,7427.66,14.0
2020-05-11,10.235,2,9154.01,13.9
2020-05-12,10.2,2,11028.09,13.7
2020-05-13,10.06,2,12596.84,13.7
2020-05-14,9.989,2,13753.14,13.5
2020-05-15,9.998,2,14440.07,13.1
2020-05-16,9.942,2,14675.84,12.8
2020-05-17,9.696,2,14549.57,12.5
2020-05-18,9.567,2,14187.24,12.5
2020-05-19,9.599,2,13699.05,12.6
2020-05-20,9.649,2,13289.2,12.8
2020-05-21,9.743,2,13053.37,12.6
2020-05-22,9.827,2,12946.92,12.5
2020-05-23,9.89,2,12927.85,12.6
2020-05-24,10.013,2,13028.07,12.5
2020-05-25,10.117,2,13220.71,12.4
2020-05-26,10.202,2,13280.44,12.2
2020-05-27,10.246,2,13275.36,12.2
2020-05-28,10.245,2,13182.15,12.1
2020-05-29,10.26,2,13052.47,12.0
2020-05-30,10.277,2,12917.7,11.9
2020-05-31,10.232,2,12738.75,12.0
2020-06-01,10.214,2,12574.82,11.9
2020-06-02,10.233,2,12370.33,11.7
2020-06-03,10.279,2,12125.02,11.7
2020-06-04,10.377,2,11851.02,11.4
2020-06-05,10.497,2,11614.17,11.1
2020-06-06,10.596,2,11388.84,11.0
2020-06-07,10.694,2,11219.47,10.7
2020-06-08,10.843,2,11073.58,10.4
2020-06-09,11.009,2,10908.63,10.0
2020-06-10,11.147,2,10727.81,9.9
2020-06-11,11.222,2,10541.13,10.0
2020-06-12,11.292,2,10433.63,10.0
2020-06-13,11.323,2,10680.76,10.0
2020-06-14,11.327,2,11298.66,10.2
2020-06-15,11.315,2,12022.05,10.4
2020-06-16,11.219,2,12614.5,10.7
2020-06-17,11.152,2,12863.83,10.9
2020-06-18,11.109,2,12814.21,11.0
2020-06-19,11.093,2,12596.26,11.0
2020-06-20,11.025,2,12203.75,11.1
2020-06-21,10.845,2,11771.3,10.9
2020-06-22,10.768,2,11364.49,10.7
2020-06-23,10.762,2,11006.47,10.7
2020-06-24,10.785,2,10713.76,10.7
2020-06-25,10.893,2,10607.72,10.7
2020-06-26,11.027,2,10745.51,10.5
2020-06-27,11.125,2,11150.34,10.5
2020-06-28,11.21,2,11668.04,10.2
2020-06-29,11.228,2,12180.32,10.0
2020-06-30,11.211,2,12591.77,9.8
2020-07-01,11.154,2,12914.26,9.9
2020-07-02,11.071,2,13226.11,10.0
2020-07-03,11.032,2,13621.98,9.9
2020-07-04,11.044,2,14111.3,9.8
2020-07-05,11.1,2,14627.9,9.8
2020-07-06,11.165,2,15075.37,9.9
2020-07-07,11.176,2,15343.4,9.9
2020-07-08,11.136,2,15401.1,9.7
2020-07-09,11.102,2,15319.5,9.6
2020-07-10,11.034,2,15196.19,9.7
2020-07-11,10.947,2,15022.87,9.9
2020-07-12,10.896,2,14702.22,9.8
2020-07-13,10.889,2,14341.99,9.9
2020-07-14,10.98,2,14044.94,9.9
2020-07-15,11.09,2,13918.3,9.7
2020-07-16,11.165,2,13990.32,9.6
2020-07-17,11.218,2,14215.8,9.5
2020-07-18,11.274,2,14474.38,9.3
2020-07-19,11.382,2,14645.28,9.4
2020-07-20,11.488,2,14709.53,9.4
2020-07-21,11.584,2,14751.94,9.4
2020-07-22,11.646,2,14917.06,9.2
2020-07-23,11.676,2,15190.76,9.1
2020-07-24,11.641,2,15466.91,9.0
2020-07-25,11.61,2,15679.59,9.1
2020-07-26,11.645,2,15715.87,9.1
2020-07-27,11.643,2,15478.1,9.2
2020-07-28,11.638,2,14998.89,9.3
2020-07-29,11.6,2,14357.87,9.5
2020-07-30,11.588,2,13568.35,9.6
2020-07-31,11.611,2,12733.05,9.6
2020-08-01,11.627,2,12013.09,9.8
2020-08-02,11.638,2,11457.63,10.0
2020-08-03,11.634,2,11035.01,10.1
2020-08-04,11.587,2,10738.28,10.1
2020-08-05,11.539,2,10559.8,9.9
2020-08-06,11.536,2,10226.86,9.7
2020-08-07,11.372,2,9973.67,9.4
2020-08-08,11.274,2,9640.5,9.4
2020-08-09,11.363,2,9176.99,9.4
2020-08-10,11.481,2,8656.92,9.6
2020-08-11,11.482,2,8126.5,9.8
2020-08-12,11.472,2,7699.32,10.3
2020-08-13,11.393,2,7440.36,10.8
2020-08-14,11.203,2,7344.62,11.1
2020-08-15,11.026,2,7349.59,11.4
2020-08-16,11.006,2,7416.7,11.5
2020-08-17,10.981,2,7528.33,11.6
2020-08-18,10.88,2,7728.92,11.9
2020-08-19,10.828,2,8137.68,11.8
2020-08-20,10.748,2,8591.99,11.8
2020-08-21,10.694,2,8978.69,11.8
2020-08-22,10.654,2,9409.21,11.4
2020-08-23,10.744,2,9731.76,11.2
2020-08-24,10.924,2,9896.52,11.0
2020-08-25,10.948,2,10028.13,10.8
2020-08-26,11.011,2,10261.93,10.8
2020-08-27,11.009,2,10456.01,11.0
2020-08-28,11.038,2,10669.47,11.4
2020-08-29,11.272,2,10737.68,11.7
2020-08-30,11.187,2,10913.68,12.1
2020-08-31,10.941,2,11349.89,12.2
2020-09-01,10.917,2,12091.59,12.2
2020-09-02,10.837,2,12998.74,12.3
2020-09-03,10.876,2,14027.9,12.5
2020-09-04,10.885,2,14946.04,12.6
2020-09-05,10.893,2,15686.08,12.8
2020-09-06,10.944,2,16250.38,12.9
2020-09-07,10.774,2,16462.76,13.1
2020-09-08,10.522,2,16267.35,13.5
2020-09-09,10.373,2,15706.95,13.9
2020-09-10,10.454,2,14894.21,14.1
2020-09-11,10.493,2,13864.2,14.4
2020-09-12,10.485,2,12836.43,14.8
2020-09-13,10.412,2,11900.47,15.2
2020-09-14,10.389,2,11063.6,15.4
2020-09-15,10.316,2,10332.37,15.7
2020-09-16,10.26,2,9704.15,15.9
2020-09-17,10.175,2,9219.93,16.2
2020-09-18,10.08,2,8982.6,16.4
2020-09-19,9.852,2,9031.9,16.8
2020-09-20,9.674,2,9167.7,17.0
2020-09-21,9.692,2,9234.82,17.1
2020-09-22,9.736,2,9281.99,16.9
2020-09-23,9.66,2,9287.2,16.7
2020-09-24,9.618,2,9412.86,16.2
2020-09-25,9.527,2,9675.8,15.9
2020-09-26,9.537,2,9906.34,15.3
2020-09-27,9.629,2,10016.97,15.2
2020-09-28,9.518,2,9958.67,15.2
2020-09-29,9.683,2,9773.14,15.3
2020-09-30,9.619,2,9628.7,15.6
2020-10-01,9.461,2,9439.97,16.1
2020-10-02,9.306,2,9157.59,16.8
2020-10-03,9.099,2,8841.98,17.7
2020-10-04,8.873,2,8492.08,18.4
2020-10-05,8.665,2,8186.85,18.6
2020-10-06,8.64,2,7956.15,18.1
2020-10-07,8.604,2,7852.01,17.7
2020-10-08,8.681,2,8006.44,17.5
2020-10-09,8.799,2,8086.84,17.2
2020-10-10,8.907,2,8111.94,17.5
2020-10-11,8.965,2,8228.29,17.8
2020-10-12,9.082,2,8441.34,18.2
2020-10-13,9.159,2,8854.83,18.8
2020-10-14,8.979,2,9439.31,19.5
2020-10-15,8.701,2,10133.23,20.0
2020-10-16,8.463,2,10908.07,19.7
2020-10-17,8.349,2,11697.22,19.5
2020-10-18,8.43,2,12397.51,19.1
2020-10-19,8.593,2,13017.5,18.9
2020-10-20,8.76,2,13659.35,19.0
2020-10-21,8.894,2,14193.62,19.3
2020-10-22,8.935,2,14616.59,19.7
2020-10-23,8.777,2,14868.28,19.9
2020-10-24,8.573,2,15041.01,19.7
2020-10-25,8.657,2,14967.41,19.2
2020-10-26,8.833,2,14743.32,18.7
2020-10-27,9.063,2,14544.32,18.4
2020-10-28,9.264,2,14416.88,18.5
2020-10-29,9.369,2,14444.84,18.6
2020-10-30,9.211,2,14748.11,18.6
2020-10-31,9.146,2,15168.32,19.0
2020-11-01,9.16,2,15574.05,19.5
2020-11-02,9.085,2,15941.22,20.2
2020-11-03,8.952,2,16187.89,21.0
2020-11-04,8.734,2,16266.49,21.3
2020-11-05,8.624,2,16261.39,20.9
2020-11-06,8.669,2,15993.37,20.8
2020-11-07,8.631,2,15557.43,20.7
2020-11-08,8.555,2,15064.71,20.8
2020-11-09,8.347,2,14487.85,21.3
2020-11-10,8.127,2,14105.78,22.0
2020-11-11,7.796,2,14254.1,22.2
2020-11-12,7.533,2,14692.61,22.3
2020-11-13,7.424,2,15071.89,22.1
2020-11-14,7.417,2,15370.1,22.1
2020-11-15,7.42,2,15414.08,22.0
2020-11-16,7.462,2,15399.37,22.1
2020-11-17,7.357,2,15198.38,22.0
2020-11-18,7.238,2,14785.83,22.4
2020-11-19,7.347,2,14216.2,22.7
2020-11-20,7.337,2,13402.18,23.2
2020-11-21,7.285,2,12654.57,23.7
2020-11-22,7.017,2,12143.49,24.4
2020-11-23,7.013,2,11992.9,24.8
2020-11-24,7.206,2,11954.32,24.6
2020-11-25,7.335,2,12074.16,24.9
2020-11-26,7.258,2,12384.71,25.3
2020-11-27,6.991,2,12856.45,25.6
2020-11-28,6.82,2,13383.58,25.9
2020-11-29,6.77,2,13873.11,25.7
2020-11-30,6.962,2,14240.77,25.6
2020-12-01,6.991,2,14392.79,25.3
2020-12-02,7.137,2,14363.36,24.5
2020-12-03,7.252,2,14162.9,24.3
2020-12-04,7.374,2,13915.04,24.3
2020-12-05,7.304,2,13548.96,23.7
2020-12-06,7.394,2,13181.78,23.0
2020-12-07,7.612,2,12915.96,22.2
2020-12-08,7.852,2,12756.66,21.5
2020-12-09,8.162,2,12569.55,21.6
2020-12-10,8.278,2,12325.88,22.2
2020-12-11,8.292,2,12175.37,22.3
2020-12-12,8.246,2,11937.16,22.9
2020-12-13,8.181,2,11854.12,23.2
2020-12-14,8.125,2,11851.8,23.7
2020-12-15,8.013,2,11901.13,24.5
2020-12-16,7.815,2,12013.87,25.3
2020-12-17,7.652,2,12146.92,25.8
2020-12-18,7.741,2,12415.17,25.4
2020-12-19,7.845,2,12612.94,25.2
2020-12-20,7.966,2,12691.85,24.9
2020-12-21,7.762,2,12720.31,24.3
2020-12-22,7.729,2,12764.8,23.3
2020-12-23,8.0,2,12816.51,23.0
2020-12-24,8.224,2,12701.37,23.3
2020-12-25,8.394,2,12552.08,23.4
2020-12-26,8.462,2,12234.93,23.7
2020-12-27,8.358,2,11784.24,24.1
2020-12-28,8.267,2,11332.05,23.5
2020-12-29,8.285,2,11007.52,23.3
2020-12-30,8.273,2,10813.37,23.6
2020-12-31,8.223,2,10601.76,24.0
2021-01-01,8.131,2,10459.33,24.6
2021-01-02,7.981,2,10546.44,24.7
2021-01-03,8.114,2,10545.34,24.8
2021-01-04,8.282,2,10473.0,25.0
2021-01-05,8.314,2,10449.4,24.7
2021-01-06,8.455,2,10423.86,24.2
2021-01-07,8.484,2,10400.34,24.3
2021-01-08,8.439,2,10336.48,24.8
2021-01-09,8.404,2,10286.56,25.2
2021-01-10,8.355,2,10227.98,25.8
2021-01-11,8.182,2,10154.46,26.3
2021-01-12,8.118,2,10118.68,26.7
2021-01-13,8.052,2,10194.18,26.5
2021-01-14,7.978,2,10420.98,26.0
2021-01-15,8.047,2,10696.5,25.1
2021-01-16,8.113,2,10855.55,24.3
2021-01-17,8.143,2,10886.58,24.1
2021-01-18,8.219,2,10708.0,24.1
2021-01-19,8.293,2,10362.5,24.1
2021-01-20,8.316,2,9887.97,24.1
2021-01-21,8.362,2,9517.23,24.7
2021-01-22,8.264,2,9189.49,25.1
2021-01-23,8.182,2,8916.05,25.5
2021-01-24,8.076,2,8715.26,26.2
2021-01-25,7.928,2,8561.51,26.6
2021-01-26,7.69,2,8536.53,26.5
2021-01-27,7.822,2,8672.69,26.2
2021-01-28,7.862,2,8771.8,25.7
2021-01-29,7.768,2,8990.76,25.1
2021-01-30,8.087,2,9241.8,25.0
2021-01-31,8.161,2,9421.43,25.1
2021-02-01,7.98,2,9521.14,24.8
2021-02-02,7.983,2,9573.47,24.2
2021-02-03,8.071,2,9736.0,24.2
2021-02-04,7.965,2,9965.69,24.1
2021-02-05,7.894,2,10438.02,23.8
2021-02-06,7.903,2,10964.82,23.5
2021-02-07,7.927,2,11468.98,23.6
2021-02-08,7.905,2,11866.64,23.6
2021-02-09,7.907,2,12173.05,23.6
2021-02-10,7.89,2,12492.69,24.0
2021-02-11,7.807,2,12645.2,24.6
2021-02-12,7.678,2,12681.64,24.6
2021-02-13,7.743,2,12615.59,24.2
2021-02-14,7.79,2,12434.12,24.2
2021-02-15,7.816,2,12108.07,24.3
2021-02-16,7.815,2,11721.6,24.7
2021-02-17,7.764,2,11279.09,25.1
2021-02-18,7.683,2,10761.57,25.4
2021-02-19,7.699,2,10371.91,25.6
2021-02-20,7.507,2,10013.27,25.9
2021-02-21,7.496,2,9664.83,26.0
2021-02-22,7.626,2,9308.51,25.2
2021-02-23,7.833,2,8855.41,24.4
2021-02-24,7.89,2,8337.6,23.6
2021-02-25,8.021,2,7954.25,23.1
2021-02-26,8.183,2,7661.38,23.0
2021-02-27,8.331,2,7280.61,22.9
2021-02-28,8.433,2,6979.67,23.2
2021-03-01,8.423,2,6758.71,23.2
2021-03-02,8.465,2,6646.17,22.7
2021-03-03,8.547,2,6696.59,22.3
2021-03-04,8.602,2,6802.78,22.1
2021-03-05,8.692,2,6904.8,22.0
2021-03-06,8.739,2,7024.73,21.8
2021-03-07,8.758,2,7185.32,21.9
2021-03-08,8.753,2,7274.64,22.2
2021-03-09,8.779,2,7324.71,22.3
2021-03-10,8.831,15,7372.22,22.4
2021-03-11,8.906,15,7482.07,22.5
2021-03-12,8.941,15,7577.55,22.9
2021-03-13,8.905,15,7823.52,22.9
2021-03-14,8.938,15,8087.5,22.0
2021-03-15,9.051,15,8300.66,21.4
2021-03-16,9.184,15,8471.28,21.5
2021-03-17,9.291,15,8491.91,21.7
2021-03-18,9.388,15,8472.93,21.8
2021-03-19,9.37,15,8422.04,21.9
2021-03-20,9.475,15,8346.99,22.1
2021-03-21,9.352,15,8292.46,21.9
2021-03-22,9.312,15,8442.52,21.7
2021-03-23,9.297,15,8724.19,21.5
2021-03-24,9.418,15,9128.06,21.2
2021-03-25,9.585,15,9521.65,20.7
2021-03-26,9.771,15,9734.94,20.3
2021-03-27,9.905,15,9914.41,20.2
2021-03-28,9.945,15,9937.8,19.9
2021-03-29,10.102,15,9822.26,19.8
2021-03-30,10.305,15,9595.56,19.7
2021-03-31,10.378,15,9381.8,19.6
2021-04-01,10.205,15,9235.89,19.9
2021-04-02,10.224,15,9166.23,20.2
2021-04-03,10.275,15,9204.93,20.6
2021-04-04,10.063,15,9244.59,20.9
2021-04-05,9.99,15,9069.98,21.0
2021-04-06,9.84,15,8766.26,20.8
2021-04-07,9.651,15,8394.46,20.6
2021-04-08,9.5,15,7943.22,20.4
2021-04-09,9.434,15,7618.24,20.3
2021-04-10,9.365,15,7359.84,19.6
2021-04-11,9.232,15,7163.57,18.6
2021-04-12,9.289,15,6919.14,18.0
2021-04-13,9.427,15,6671.51,17.6
2021-04-14,9.48,15,6438.21,17.6
2021-04-15,9.563,15,6228.36,17.5
2021-04-16,9.691,15,6058.23,17.2
2021-04-17,9.796,15,5922.01,16.7
2021-04-18,9.842,15,6038.35,16.5
2021-04-19,9.866,15,6169.84,16.4
2021-04-20,9.869,15,6393.83,16.3
2021-04-21,9.789,15,6706.57,15.7
2021-04-22,9.778,2,6924.71,15.4
2021-04-23,9.809,15,7060.85,15.4
2021-04-24,9.94,2,7123.51,15.5
2021-04-25,10.015,2,7162.31,15.5
2021-04-26,9.965,2,7092.92,15.4
2021-04-27,9.84,2,6955.94,15.3
2021-04-28,9.706,2,6850.67,15.5
2021-04-29,9.765,2,6898.85,15.4
2021-04-30,9.704,2,7222.8,15.4
2021-05-01,9.724,2,7687.86,15.5
2021-05-02,9.659,2,8240.93,15.7
2021-05-03,9.639,2,8761.57,15.6
2021-05-04,9.732,2,9245.9,15.1
2021-05-05,9.78,2,9641.68,14.8
2021-05-06,9.863,2,9893.78,14.7
2021-05-07,10.01,2,10007.47,14.6
2021-05-08,10.113,2,10368.65,14.6
2021-05-09,10.037,2,11216.9,14.9
2021-05-10,9.917,15,12007.46,14.9
2021-05-11,9.934,15,12685.61,14.6
2021-05-12,9.907,15,13091.76,14.5
2021-05-13,9.98,2,13286.85,14.3
2021-05-14,10.072,15,13236.97,14.0
2021-05-15,10.02,15,13030.24,13.8
2021-05-16,10.025,15,12691.02,13.4
2021-05-17,10.42,2,12329.98,13.3
2021-05-18,10.744,2,11929.67,13.3
2021-05-19,10.867,15,11405.76,13.2
2021-05-20,10.836,2,10816.37,13.0
2021-05-21,10.84,2,10212.62,12.8
2021-05-22,10.792,2,9620.55,12.7
2021-05-23,10.82,15,9003.73,12.6
2021-05-24,10.848,2,8375.75,12.7
2021-05-25,10.643,2,7629.56,12.6
2021-05-26,10.586,2,6996.62,12.3
2021-05-27,10.66,2,6610.78,12.1
2021-05-28,10.709,2,6449.72,12.0
2021-05-29,10.854,2,6398.87,11.5
2021-05-30,10.955,2,6415.8,11.1
2021-05-31,11.036,2,6464.27,10.6
2021-06-01,11.078,2,6540.01,10.6
2021-06-02,11.043,2,6632.33,10.6
2021-06-03,10.914,2,6772.31,10.9
2021-06-04,10.925,2,6889.43,11.0
2021-06-05,10.985,2,6942.12,10.8
2021-06-06,11.013,2,6912.74,10.9
2021-06-07,11.02,2,6830.89,11.0
2021-06-08,10.965,2,6725.08,11.1
2021-06-09,10.951,2,6635.85,10.7
2021-06-10,10.958,15,6633.54,10.7
2021-06-11,0.0,180,6606.56,10.8
2021-06-12,0.0,180,6595.42,10.7
2021-06-13,10.959,15,6595.03,10.9
2021-06-14,10.992,15,6546.58,11.0
2021-06-15,10.956,2,6443.49,11.3
2021-06-16,10.909,11,6302.36,11.4
2021-06-17,10.885,11,6162.18,11.2
2021-06-18,10.814,11,6074.76,11.4
2021-06-19,10.856,11,6072.7,11.3
2021-06-20,10.871,11,6196.71,11.1
2021-06-21,0.0,180,6414.43,10.8
2021-06-22,0.0,180,6712.37,10.7
2021-06-23,0.0,180,7027.37,10.7
2021-06-24,0.0,180,7302.16,10.9
2021-06-25,0.0,180,7401.07,10.8
2021-06-26,0.0,180,7424.7,11.0
2021-06-27,0.0,180,7367.35,10.7
2021-06-28,0.0,180,7377.05,10.9
2021-06-29,0.0,180,7466.9,10.7
2021-06-30,0.0,180,7644.15,10.8
2021-07-01,0.0,180,7911.32,10.8
2021-07-02,0.0,180,8406.66,10.9
2021-07-03,0.0,180,9107.07,10.7
2021-07-04,0.0,180,9853.22,10.4
2021-07-05,0.0,180,10366.86,10.4
2021-07-06,0.0,180,10833.31,10.2
2021-07-07,0.0,180,11353.81,10.1
2021-07-08,0.0,180,11957.7,9.8
2021-07-09,0.0,180,12608.6,9.6
2021-07-10,0.0,180,13228.41,9.4
2021-07-11,0.0,180,13795.55,9.3
2021-07-12,0.0,180,14265.08,9.4
2021-07-13,0.0,180,14588.63,9.5
2021-07-14,0.0,180,14873.54,9.8
2021-07-15,0.0,180,15121.47,10.1
2021-07-16,0.0,180,15296.85,10.3
2021-07-17,0.0,180,15472.72,10.2
2021-07-18,0.0,180,15597.54,10.2
2021-07-19,0.0,180,15732.27,10.2
2021-07-20,0.0,180,15900.34,10.1
2021-07-21,0.0,180,16076.5,9.8
2021-07-22,0.0,180,16158.22,9.7
2021-07-23,0.0,180,16209.41,9.7
2021-07-24,0.0,180,16245.06,9.8
2021-07-25,0.0,180,16399.54,9.7
2021-07-26,0.0,180,16732.96,10.0
2021-07-27,0.0,180,17354.8,10.1
2021-07-28,0.0,180,18223.18,10.4
2021-07-29,0.0,180,19209.88,10.4
2021-07-30,0.0,180,20236.04,10.3
2021-07-31,0.0,180,21207.7,10.5
2021-08-01,0.0,180,22060.85,10.7
2021-08-02,0.0,180,22725.25,10.7
2021-08-03,0.0,180,23273.44,10.7
2021-08-04,0.0,180,23709.17,10.7
2021-08-05,0.0,180,24104.65,10.9
2021-08-06,0.0,180,24466.02,11.0
2021-08-07,0.0,180,24806.77,11.2
2021-08-08,0.0,180,25122.2,11.3
2021-08-09,0.0,180,25361.19,11.5
2021-08-10,0.0,180,25512.2,11.5
2021-08-11,0.0,180,25597.25,11.5
2021-08-12,0.0,180,25664.38,11.6
2021-08-13,0.0,180,25742.36,11.7
2021-08-14,0.0,180,25886.38,11.7
2021-08-15,0.0,180,26125.61,11.8
2021-08-16,0.0,180,26442.5,11.9
2021-08-17,0.0,180,26805.93,11.9
2021-08-18,0.0,180,27179.93,12.0
2021-08-19,0.0,180,27534.66,12.1
2021-08-20,0.0,180,27828.2,12.0
2021-08-21,0.0,180,28004.51,12.2
2021-08-22,0.0,180,28133.63,12.3
2021-08-23,0.0,180,28210.5,12.5
2021-08-24,0.0,180,28152.61,12.4
2021-08-25,0.0,180,27960.97,12.3
2021-08-26,0.0,180,27603.08,12.2
2021-08-27,0.0,180,27217.61,12.0
2021-08-28,0.0,180,26716.13,12.0
2021-08-29,0.0,180,26164.09,12.2
2021-08-30,0.0,180,25623.91,12.3
2021-08-31,0.0,180,25210.01,12.4
2021-09-01,0.0,180,24912.99,12.7
2021-09-02,0.0,180,24713.85,13.2
2021-09-03,0.0,180,24557.15,13.8
2021-09-04,0.0,180,24534.2,14.1
2021-09-05,0.0,180,24471.65,14.1
2021-09-06,0.0,180,24306.82,14.1
2021-09-07,0.0,180,24015.55,14.0
2021-09-08,0.0,180,23658.17,14.1
2021-09-09,0.0,180,23375.89,14.2
2021-09-10,0.0,180,23030.89,14.5
2021-09-11,0.0,180,22783.12,14.8
2021-09-12,0.0,180,22543.99,15.1
2021-09-13,0.0,180,22465.75,15.0
2021-09-14,0.0,180,22792.33,14.9
2021-09-15,0.0,180,23641.72,14.9
2021-09-16,0.0,180,24888.67,14.9
2021-09-17,0.0,180,26084.95,15.1
2021-09-18,0.0,180,27037.17,15.1
2021-09-19,0.0,180,27635.12,15.0
2021-09-20,0.0,180,27865.48,15.0
2021-09-21,0.0,180,27856.26,14.6
2021-09-22,0.0,180,27663.68,14.5
2021-09-23,0.0,180,27441.37,14.7
2021-09-24,0.0,180,27395.03,15.1
2021-09-25,0.0,180,27516.8,15.3
2021-09-26,0.0,180,27860.53,15.3
2021-09-27,0.0,180,28274.6,15.3
2021-09-28,0.0,180,28762.25,15.4
2021-09-29,0.0,180,29390.58,15.5
2021-09-30,0.0,180,30004.01,15.8
2021-10-01,0.0,180,30661.87,16.1
2021-10-02,0.0,180,31290.53,16.1
2021-10-03,0.0,180,31773.03,16.1
2021-10-04,0.0,180,32197.44,16.1
2021-10-05,0.0,180,32574.73,16.2
2021-10-06,0.0,180,32887.67,16.4
2021-10-07,0.0,180,33171.58,16.5
2021-10-08,0.0,180,33379.26,16.7
2021-10-09,0.0,180,33539.66,17.1
2021-10-10,0.0,180,33723.09,17.3
2021-10-11,0.0,180,33765.97,17.2
2021-10-12,0.0,180,33787.3,17.3
2021-10-13,0.0,180,33833.63,17.3
2021-10-14,0.0,180,34000.72,17.1
2021-10-15,0.0,180,34247.27,17.1
2021-10-16,0.0,180,34414.01,16.9
2021-10-17,0.0,180,34515.08,16.9
2021-10-18,0.0,180,34596.85,17.1
2021-10-19,0.0,180,34653.24,17.2
2021-10-20,0.0,180,34713.91,17.6
2021-10-21,0.0,180,34834.43,18.2
2021-10-22,0.0,180,34924.12,18.7
2021-10-23,0.0,180,34945.14,19.1
2021-10-24,0.0,180,35033.09,19.1
2021-10-25,0.0,180,35205.3,19.0
2021-10-26,0.0,180,35321.1,19.0
2021-10-27,0.0,180,35456.28,19.1
2021-10-28,0.0,180,35592.72,19.5
2021-10-29,0.0,180,35750.1,19.6
2021-10-30,0.0,180,35824.27,19.5
2021-10-31,0.0,180,35901.14,19.5
2021-11-01,0.0,180,35907.34,19.8
2021-11-02,0.0,180,35706.88,20.2
2021-11-03,0.0,180,35500.5,20.6
2021-11-04,0.0,180,35221.43,20.7
2021-11-05,0.0,180,34630.67,21.1
2021-11-06,0.0,180,33829.05,21.5
2021-11-07,0.0,180,32907.53,21.7
2021-11-08,0.0,180,31732.83,21.8
2021-11-09,0.0,180,30502.95,22.0
2021-11-10,0.0,180,29463.24,22.0
2021-11-11,0.0,180,28593.98,21.2
2021-11-12,0.0,180,27995.17,20.1
2021-11-13,0.0,180,27557.9,19.1
2021-11-14,0.0,180,27086.77,18.6
2021-11-15,0.0,180,26619.23,18.2
2021-11-16,0.0,180,26157.15,18.1
2021-11-17,0.0,180,25701.29,18.5
2021-11-18,0.0,180,25355.4,18.9
2021-11-19,0.0,180,25049.65,19.0
2021-11-20,0.0,180,24822.72,18.9
2021-11-21,0.0,180,24720.86,18.8
2021-11-22,0.0,180,24562.37,19.4
2021-11-23,0.0,180,24479.32,20.1
2021-11-24,0.0,180,24659.27,20.5
2021-11-25,0.0,180,24954.93,20.9
2021-11-26,0.0,180,25336.2,20.9
2021-11-27,0.0,180,25515.0,21.1
2021-11-28,0.0,180,25570.37,21.6
2021-11-29,0.0,180,25544.57,22.1
2021-11-30,0.0,180,25538.55,22.7
2021-12-01,0.0,180,25544.81,23.5
2021-12-02,0.0,180,25575.13,24.2
2021-12-03,0.0,180,25581.36,24.2
2021-12-04,0.0,180,25409.29,24.0
2021-12-05,0.0,180,25257.97,23.8
2021-12-06,0.0,180,25114.59,23.9
2021-12-07,0.0,180,24960.52,24.0
2021-12-08,0.0,180,24890.25,23.7
2021-12-09,0.0,180,24881.82,22.8
2021-12-10,0.0,180,24971.97,22.2
2021-12-11,0.0,180,25013.9,22.1
2021-12-12,0.0,180,25106.94,22.5
2021-12-13,0.0,180,25228.96,23.1
2021-12-14,0.0,180,25412.57,23.7
2021-12-15,0.0,180,25684.42,24.1
2021-12-16,0.0,180,25989.58,24.0
2021-12-17,0.0,180,26356.64,24.2
2021-12-18,0.0,180,26691.18,24.8
2021-12-19,0.0,180,26930.89,24.8
2021-12-20,0.0,180,27145.91,24.5
2021-12-21,0.0,180,27285.38,24.5
2021-12-22,0.0,180,27364.33,24.6
2021-12-23,0.0,180,27364.21,24.8
2021-12-24,0.0,180,27168.2,25.1
2021-12-25,0.0,180,26924.85,25.5
2021-12-26,0.0,180,26630.46,25.5
2021-12-27,0.0,180,26178.02,25.2
2021-12-28,0.0,180,25633.82,25.0
2021-12-29,0.0,180,25064.94,25.1
2021-12-30,0.0,180,24437.87,25.5
2021-12-31,0.0,180,23797.03,26.1
2022-01-01,0.0,180,23141.33,26.7
2022-01-02,0.0,180,22506.57,27.3
2022-01-03,0.0,180,21880.69,27.6
2022-01-04,0.0,180,21279.34,27.4
2022-01-05,0.0,180,20792.41,27.2
2022-01-06,0.0,180,20359.27,27.2
2022-01-07,0.0,180,19901.63,27.2
2022-01-08,0.0,180,19504.0,27.0
2022-01-09,0.0,180,19017.5,27.1
2022-01-10,0.0,180,18585.24,27.5
2022-01-11,0.0,180,18268.23,27.9
2022-01-12,0.0,180,18091.52,28.3
2022-01-13,0.0,180,18024.62,28.2
2022-01-14,0.0,180,18188.8,27.9
2022-01-15,0.0,180,18207.05,27.7
2022-01-16,0.0,180,18205.36,27.7
2022-01-17,0.0,180,18239.75,27.6
2022-01-18,0.0,180,18381.67,26.9
2022-01-19,0.0,180,18563.49,26.3
2022-01-20,0.0,180,18654.84,26.1
2022-01-21,0.0,180,18688.29,25.9
2022-01-22,0.0,180,18678.85,25.9
2022-01-23,0.0,180,18609.05,25.8
2022-01-24,0.0,180,18563.26,26.1
2022-01-25,0.0,180,18612.82,26.6
2022-01-26,0.0,180,18740.0,26.9
2022-01-27,0.0,180,19107.78,27.3
2022-01-28,0.0,180,19420.53,28.0
2022-01-29,0.0,180,19783.81,0.0
2022-01-30,0.0,180,19901.25,0.0
2022-01-31,0.0,180,19823.25,0.0
2022-02-01,0.0,180,19704.5,0.0
2022-02-02,0.0,180,19528.52,0.0
2022-02-03,0.0,180,19413.69,0.0
2022-02-04,0.0,180,19324.34,0.0
2022-02-05,0.0,180,19356.84,0.0
2022-02-06,0.0,180,19431.68,0.0
2022-02-07,0.0,180,19422.74,0.0
2022-02-08,0.0,180,19388.98,0.0
2022-02-09,0.0,180,19402.16,0.0
2022-02-10,0.0,180,19425.43,25.5
2022-02-11,0.0,180,19480.12,25.1
2022-02-12,0.0,180,19484.36,24.7
2022-02-13,0.0,180,19314.06,24.9
2022-02-14,0.0,180,19181.32,25.3
2022-02-15,0.0,180,19116.61,25.8
2022-02-16,0.0,180,19163.72,26.4
2022-02-17,0.0,180,19185.99,26.3
2022-02-18,0.0,180,19226.24,25.7
2022-02-19,0.0,180,19173.35,25.3
2022-02-20,0.0,180,18984.03,24.9
2022-02-21,0.0,180,18682.77,24.5
2022-02-22,0.0,180,18207.8,24.3
2022-02-23,0.0,180,17504.76,24.7
2022-02-24,0.0,180,16693.11,25.1
2022-02-25,0.0,180,15848.19,25.4
2022-02-26,0.0,180,15009.57,25.6
2022-02-27,0.0,180,14164.14,25.8
2022-02-28,0.0,180,13352.37,25.7
2022-03-01,0.0,180,12784.63,25.3
2022-03-02,0.0,180,12283.26,25.4
2022-03-03,0.0,180,11776.18,25.7
2022-03-04,0.0,180,11209.44,25.8
2022-03-05,0.0,180,10791.4,25.2
2022-03-06,0.0,180,10520.93,24.6
2022-03-07,0.0,180,10385.29,24.6
2022-03-08,0.0,180,10383.95,24.4
2022-03-09,0.0,180,10350.38,23.9
2022-03-10,0.0,180,10288.76,23.4
2022-03-11,0.0,180,10198.63,23.1
2022-03-12,0.0,180,10203.85,23.0
2022-03-13,0.0,180,10284.5,23.3
2022-03-14,0.0,180,10338.69,23.3
2022-03-15,0.0,180,10351.5,23.1
2022-03-16,0.0,180,10368.97,23.3
2022-03-17,0.0,180,10338.72,23.6
2022-03-18,0.0,180,10467.2,23.9
2022-03-19,0.0,180,10693.71,24.0
2022-03-20,0.0,180,10882.19,24.1
2022-03-21,0.0,180,10991.48,24.3
2022-03-22,0.0,180,11039.67,24.3
2022-03-23,0.0,180,11187.79,23.8
2022-03-24,0.0,180,11404.65,23.3
2022-03-25,0.0,180,11678.66,22.7
2022-03-26,0.0,180,12124.64,22.5
2022-03-27,0.0,180,12714.35,22.5
2022-03-28,0.0,180,13282.78,22.6
2022-03-29,0.0,180,13733.55,22.5
2022-03-30,0.0,180,14135.89,22.2
2022-03-31,0.0,180,14515.18,21.6
2022-04-01,0.0,180,14768.7,21.0
2022-04-02,0.0,180,14798.21,20.6
2022-04-03,0.0,180,14724.18,20.4
2022-04-04,0.0,180,14584.54,20.3
2022-04-05,0.0,180,14410.18,20.3
2022-04-06,0.0,180,14185.1,20.2
2022-04-07,0.0,180,13950.63,20.1
2022-04-08,0.0,180,13708.13,20.0
2022-04-09,0.0,180,13498.9,19.9
2022-04-10,0.0,180,13147.12,20.1
2022-04-11,0.0,180,12598.21,20.2
2022-04-12,0.0,180,11968.67,20.1
2022-04-13,0.0,180,11241.91,19.7
2022-04-14,0.0,180,10549.63,19.5
2022-04-15,0.0,180,9944.83,19.6
2022-04-16,0.0,180,9551.03,19.6
2022-04-17,0.0,180,9382.82,19.6
2022-04-18,0.0,180,9388.47,19.5
2022-04-19,0.0,180,9774.61,19.1
2022-04-20,0.0,180,10267.61,18.6
2022-04-21,0.0,180,10715.46,18.5
2022-04-22,0.0,180,11025.94,18.2
2022-04-23,0.0,180,11233.38,18.1
2022-04-24,0.0,180,11439.18,18.0
2022-04-25,0.0,180,11678.09,17.9
2022-04-26,0.0,180,11941.3,17.7
2022-04-27,0.0,180,12143.59,17.5
2022-04-28,0.0,180,12252.0,17.7
2022-04-29,0.0,180,12241.98,17.7
2022-04-30,0.0,180,12213.28,17.7
2022-05-01,0.0,180,12037.45,17.4
2022-05-02,0.0,180,11812.72,17.4
2022-05-03,0.0,180,11515.61,17.2
2022-05-04,0.0,180,11169.8,17.1
2022-05-05,0.0,180,10823.31,16.4
2022-05-06,0.0,180,10584.03,15.7
2022-05-07,0.0,180,10380.0,15.3
2022-05-08,0.0,180,10117.64,15.0
2022-05-09,0.0,180,9786.8,14.9
2022-05-10,0.0,180,9438.06,14.6
2022-05-11,0.0,180,9222.62,14.6
2022-05-12,0.0,180,9237.63,14.7
2022-05-13,0.0,180,9355.24,15.0
2022-05-14,0.0,180,9659.92,15.1
2022-05-15,0.0,180,10293.18,15.5
2022-05-16,0.0,180,11197.52,15.6
2022-05-17,0.0,180,12212.87,15.4
2022-05-18,0.0,180,13145.58,15.2
2022-05-19,0.0,180,13914.98,14.8
2022-05-20,0.0,180,14492.99,14.4
2022-05-21,0.0,180,14910.11,14.1
2022-05-22,0.0,180,15167.74,13.9
2022-05-23,0.0,180,15231.78,13.9
2022-05-24,0.0,180,15151.92,13.8
2022-05-25,0.0,180,14999.91,13.8
2022-05-26,0.0,180,14905.05,13.9
2022-05-27,0.0,180,14870.26,14.1
2022-05-28,0.0,180,15023.77,13.9
2022-05-29,0.0,180,15365.75,13.7
2022-05-30,0.0,180,15943.73,13.4
2022-05-31,0.0,180,16496.22,13.0
2022-06-01,0.0,180,16892.45,12.5
2022-06-02,0.0,180,17190.6,12.1
2022-06-03,0.0,180,17433.41,11.9
2022-06-04,0.0,180,17657.98,11.7
2022-06-05,0.0,180,17898.63,11.6
2022-06-06,0.0,180,18175.23,11.4
2022-06-07,0.0,180,18448.52,11.2
2022-06-08,0.0,180,18734.9,10.9
2022-06-09,0.0,180,19035.08,10.8
2022-06-10,0.0,180,19366.58,10.8
2022-06-11,0.0,180,19684.93,10.8
2022-06-12,0.0,180,19959.45,10.8
2022-06-13,0.0,180,20186.94,10.9
2022-06-14,0.0,180,20363.6,10.9
2022-06-15,0.0,180,20514.63,10.8
2022-06-16,0.0,180,20666.81,11.0
2022-06-17,0.0,180,20842.01,11.2
2022-06-18,0.0,180,21031.81,11.2
2022-06-19,0.0,180,21258.42,11.1
2022-06-20,0.0,180,21498.35,11.1
2022-06-21,0.0,180,21714.69,11.1
2022-06-22,0.0,180,21918.51,11.1
2022-06-23,0.0,180,22145.43,11.2
2022-06-24,0.0,180,22406.01,11.3
2022-06-25,0.0,180,22682.83,11.4
2022-06-26,0.0,180,22951.67,11.4
2022-06-27,0.0,180,23269.57,11.2
2022-06-28,0.0,180,23582.49,10.9
2022-06-29,0.0,180,23908.0,10.6
2022-06-30,0.0,180,24247.06,10.4
2022-07-01,0.0,180,24570.88,10.2
2022-07-02,0.0,180,24897.92,10.0
2022-07-03,0.0,180,25243.53,9.7
2022-07-04,0.0,180,25610.45,9.4
2022-07-05,0.0,180,25986.49,9.1
2022-07-06,0.0,180,26356.64,9.0
2022-07-07,0.0,180,26759.34,9.0
2022-07-08,0.0,180,27187.74,9.1
2022-07-09,0.0,180,27639.15,9.0
2022-07-10,0.0,180,28102.93,8.8
2022-07-11,0.0,180,28559.34,8.8
2022-07-12,0.0,180,29011.14,8.8
2022-07-13,0.0,180,29448.85,8.8
2022-07-14,0.0,180,29819.57,8.7
2022-07-15,0.0,180,30195.66,8.7
2022-07-16,0.0,180,30573.46,8.7
2022-07-17,0.0,180,30962.73,8.8
2022-07-18,0.0,180,31316.13,8.8
2022-07-19,0.0,180,31581.91,8.8
2022-07-20,0.0,180,31840.23,8.7
2022-07-21,0.0,180,32054.17,8.7
2022-07-22,0.0,180,32175.39,8.8
2022-07-23,0.0,180,32249.01,9.1
2022-07-24,0.0,180,32251.32,9.5
2022-07-25,0.0,180,32104.67,9.9
2022-07-26,0.0,180,31812.77,10.1
2022-07-27,0.0,180,31392.82,10.0
2022-07-28,0.0,180,30957.39,10.0
2022-07-29,0.0,180,30634.9,10.1
2022-07-30,0.0,180,30477.34,10.0
2022-07-31,0.0,180,30574.82,10.0
2022-08-01,0.0,180,30885.48,9.8
2022-08-02,0.0,180,31248.71,9.7
2022-08-03,0.0,180,31644.8,10.0
2022-08-04,0.0,180,31973.98,10.6
2022-08-05,0.0,180,32187.5,10.8
2022-08-06,0.0,180,32343.77,10.9
2022-08-07,0.0,180,32439.38,10.8
2022-08-08,0.0,180,32384.8,10.7
2022-08-09,0.0,180,32209.95,10.6
2022-08-10,0.0,180,31918.83,10.6
2022-08-11,0.0,180,31483.9,10.6
2022-08-12,0.0,180,30969.05,10.7
2022-08-13,0.0,180,30462.32,10.9
2022-08-14,0.0,180,30003.83,11.1
2022-08-15,0.0,180,29665.25,11.2
2022-08-16,0.0,180,29450.96,11.2
2022-08-17,0.0,180,29279.0,11.2
2022-08-18,0.0,180,29113.87,11.4
2022-08-19,0.0,180,28923.24,11.6
2022-08-20,0.0,180,28740.46,11.7
2022-08-21,0.0,180,28614.36,11.9
2022-08-22,0.0,180,28606.84,12.0
2022-08-23,0.0,180,28895.32,11.9
2022-08-24,0.0,180,29337.63,11.8
2022-08-25,0.0,180,29857.94,11.7
2022-08-26,0.0,180,30429.33,11.8
2022-08-27,0.0,180,31025.24,12.0
2022-08-28,0.0,180,31590.92,12.3
2022-08-29,0.0,180,32198.46,12.6
2022-08-30,0.0,180,32910.41,12.8
2022-08-31,0.0,180,33472.24,12.9
2022-09-01,0.0,180,34003.06,12.8
2022-09-02,0.0,180,34518.03,12.7
2022-09-03,0.0,180,34973.3,12.6
2022-09-04,0.0,180,35433.03,12.5
2022-09-05,0.0,180,35869.5,12.5
2022-09-06,0.0,180,36266.55,12.5
2022-09-07,0.0,180,36786.46,12.6
2022-09-08,0.0,180,37513.11,12.8
2022-09-09,0.0,180,38213.44,13.0
2022-09-10,0.0,180,38858.38,13.2
2022-09-11,0.0,180,39412.58,13.4
2022-09-12,0.0,180,40016.98,13.5
2022-09-13,0.0,180,40595.91,13.4
2022-09-14,0.0,180,41201.41,13.3
2022-09-15,0.0,180,41887.72,13.5
2022-09-16,0.0,180,42489.0,13.6
2022-09-17,0.0,180,43155.09,13.6
2022-09-18,0.0,180,43826.17,13.6
2022-09-19,0.0,180,44467.02,13.7
2022-09-20,0.0,180,45039.27,13.9
2022-09-21,0.0,180,45942.73,14.3
2022-09-22,0.0,180,46825.43,14.6
2022-09-23,0.0,180,47663.97,15.0
2022-09-24,0.0,180,48525.0,15.2
2022-09-25,0.0,180,49365.57,15.4
2022-09-26,0.0,180,50248.11,15.7
2022-09-27,0.0,180,51226.92,15.8
2022-09-28,0.0,180,52395.9,15.8
2022-09-29,0.0,180,53339.99,15.9
2022-09-30,0.0,180,54239.17,16.1
2022-10-01,0.0,180,55068.01,16.5
2022-10-02,0.0,180,55836.41,16.8
2022-10-03,0.0,180,56547.34,17.1
2022-10-04,0.0,180,57226.04,17.3
2022-10-05,0.0,180,58392.6,17.2
2022-10-06,0.0,180,59487.32,17.0
2022-10-07,0.0,180,60521.44,17.2
2022-10-08,0.0,180,61206.31,17.1
2022-10-09,0.0,180,61868.94,16.8
2022-10-10,0.0,180,62473.58,16.9
2022-10-11,0.0,180,63043.23,17.2
2022-10-12,0.0,180,63699.34,17.5
2022-10-13,0.0,180,66180.17,17.5
2022-10-14,0.0,180,67434.46,17.1
2022-10-15,0.0,180,68118.67,17.1
2022-10-16,0.0,180,69007.25,17.3
2022-10-17,0.0,180,70337.43,17.6
2022-10-18,0.0,180,71924.13,17.8
2022-10-19,0.0,180,73633.11,17.9
2022-10-20,0.0,180,75536.03,18.3
2022-10-21,0.0,180,77282.94,18.9
2022-10-22,0.0,180,79142.4,19.7
2022-10-23,0.0,180,81444.96,20.1
2022-10-24,0.0,180,84253.55,20.0
2022-10-25,0.0,180,86284.94,20.0
2022-10-26,0.0,180,87851.96,20.1
2022-10-27,0.0,180,89447.52,20.0
2022-10-28,0.0,180,91880.34,19.5
2022-10-29,0.0,180,95030.3,19.1
2022-10-30,0.0,180,98868.83,19.0
2022-10-31,0.0,180,102780.41,19.4
2022-11-01,0.0,180,107863.4,18.9
2022-11-02,0.0,180,112194.16,17.8
2022-11-03,0.0,180,116348.47,17.5
2022-11-04,0.0,180,120754.53,17.5
2022-11-05,0.0,180,126762.11,18.0
2022-11-06,0.0,180,132530.28,18.9
2022-11-07,0.0,180,139374.91,19.6
2022-11-08,0.0,180,146505.07,20.8
2022-11-09,0.0,180,154118.39,21.7
2022-11-10,0.0,180,161012.77,22.0
2022-11-11,0.0,180,166437.35,22.1
2022-11-12,0.73,15,172796.52,22.7
2022-11-13,0.785,15,185540.5,22.5
2022-11-14,0.588,15,188512.49,21.8
2022-11-15,0.761,15,191082.14,21.0
2022-11-16,1.052,15,193420.23,20.2
2022-11-17,1.371,15,196340.51,20.0
2022-11-18,1.491,15,198687.93,20.4
2022-11-19,1.212,15,202472.79,20.6
2022-11-20,1.147,15,203105.11,20.3
2022-11-21,1.397,15,203469.74,19.7
2022-11-22,1.645,15,205840.35,18.9
2022-11-23,1.645,15,207498.11,18.7
2022-11-24,1.63,15,209297.32,19.2
2022-11-25,1.654,15,209762.77,20.0
2022-11-26,1.408,15,211672.79,21.0
2022-11-27,1.036,15,211833.52,21.5
2022-11-28,0.992,15,214503.35,21.5
2022-11-29,1.296,15,217153.8,21.7
2022-11-30,1.47,15,220288.46,22.2
2022-12-01,1.34,15,223665.6,22.6
2022-12-02,1.173,15,229999.89,23.1
2022-12-03,1.028,15,234542.7,24.2
2022-12-04,1.052,15,238727.4,25.2
2022-12-05,1.226,15,237667.9,25.3
2022-12-06,1.266,15,239300.52,24.6
2022-12-07,1.27,15,237489.86,24.8
2022-12-08,1.538,15,229549.45,23.9
2022-12-09,1.832,15,227754.44,23.1
2022-12-10,1.879,15,221914.86,23.2
2022-12-11,1.663,15,215396.21,23.4
2022-12-12,1.728,15,207862.16,22.9
2022-12-13,2.075,15,201671.75,21.9
2022-12-14,2.173,15,194386.04,21.0
2022-12-15,2.435,11,187011.45,20.4
2022-12-16,2.718,11,179461.77,20.6
2022-12-17,2.868,11,172309.4,21.1
2022-12-18,2.931,11,163854.0,21.7
2022-12-19,2.922,11,156773.85,22.2
2022-12-20,2.838,11,148643.44,22.7
2022-12-21,2.317,11,142017.51,22.8
2022-12-22,2.029,11,136891.44,22.9
2022-12-23,2.088,11,131668.26,23.8
2022-12-24,2.046,11,126698.05,24.5
2022-12-25,1.848,11,122167.22,25.4
2022-12-26,1.558,11,117468.21,26.6
2022-12-27,1.137,11,112316.97,27.4
2022-12-28,0.701,11,107553.04,27.2
2022-12-29,0.954,11,103100.41,26.2
2022-12-30,1.128,11,98138.29,26.3
2022-12-31,1.545,11,93244.63,26.9
2023-01-01,1.47,11,89354.15,27.7
2023-01-02,1.021,11,86642.89,28.1
2023-01-03,0.0,153,84236.86,27.9
2023-01-04,0.0,153,81069.78,27.0
2023-01-05,1.36,11,77935.99,26.0
2023-01-06,1.753,11,74578.13,25.7
2023-01-07,2.038,11,70802.08,25.9
2023-01-08,2.25,11,67307.02,26.3
2023-01-09,2.377,11,63978.23,26.7
2023-01-10,2.424,11,60106.33,26.9
2023-01-11,2.623,11,55932.7,27.1
2023-01-12,0.0,153,51963.02,27.4
2023-01-13,0.0,153,47686.95,27.7
2023-01-14,0.0,153,44041.61,28.0
2023-01-15,0.0,153,40798.16,28.2
2023-01-16,0.0,153,37659.82,27.9
2023-01-17,0.0,153,35060.62,27.9
2023-01-18,0.0,153,32699.44,27.9
2023-01-19,0.0,153,30561.98,26.7
2023-01-20,0.0,180,28721.39,25.8
2023-01-21,0.0,180,27165.31,25.7
2023-01-22,0.0,180,25808.13,25.7
2023-01-23,0.0,180,24755.23,25.7
2023-01-24,0.0,180,23909.72,25.9
2023-01-25,0.0,180,23210.3,26.2
2023-01-26,0.0,180,22452.2,26.2
2023-01-27,0.0,180,21709.05,26.1
2023-01-28,0.0,180,20962.78,26.2
2023-01-29,0.0,180,20292.47,26.2
2023-01-30,0.0,180,19793.34,26.0
2023-01-31,0.0,180,19349.61,26.0
2023-02-01,0.0,180,18948.79,26.1
2023-02-02,0.0,180,18592.95,25.5
2023-02-03,0.0,180,18291.51,24.5
2023-02-04,0.0,180,18115.95,23.6
2023-02-05,0.0,180,17792.84,23.4
2023-02-06,0.0,180,17315.46,23.6
2023-02-07,0.0,180,16856.95,23.9
2023-02-08,7.021,2,16451.97,24.2
2023-02-09,7.145,2,16117.52,24.7
2023-02-10,7.127,2,15798.23,25.1
2023-02-11,7.036,2,15507.52,25.2
2023-02-12,7.033,2,15269.48,25.0
2023-02-13,7.023,2,15184.23,24.7
2023-02-14,7.132,2,15124.23,24.4
2023-02-15,7.278,2,14992.16,24.7
2023-02-16,7.393,2,14866.08,25.3
2023-02-17,7.381,2,14592.51,25.8
2023-02-18,7.276,2,14188.16,26.0
2023-02-19,7.107,2,13725.54,26.1
2023-02-20,6.977,2,13261.56,26.2
2023-02-21,6.969,2,12743.35,26.4
2023-02-22,7.119,2,12223.76,26.2
2023-02-23,7.271,2,11796.28,26.4
2023-02-24,7.304,2,11376.99,26.3
2023-02-25,6.788,2,10967.93,26.1
2023-02-26,6.842,2,10570.91,25.5
2023-02-27,7.175,2,10251.59,25.2
2023-02-28,7.431,2,9813.65,25.2
2023-03-01,7.586,2,9472.19,24.7
2023-03-02,7.681,2,9160.94,24.4
2023-03-03,7.816,2,8860.56,24.2
2023-03-04,7.877,2,8694.23,24.3
2023-03-05,7.754,2,8604.7,24.5
2023-03-06,7.847,2,8427.21,24.3
2023-03-07,8.01,2,8301.4,24.0
2023-03-08,7.984,2,8187.77,23.3
2023-03-09,8.232,2,8105.13,22.9
2023-03-10,8.514,2,8037.81,23.0
2023-03-11,8.567,2,7948.24,23.1
2023-03-12,8.806,2,7854.72,23.1
2023-03-13,8.891,2,7742.92,23.0
2023-03-14,8.538,2,7630.38,23.4
2023-03-15,8.263,2,7671.77,23.7
2023-03-16,8.251,2,7735.97,23.8
2023-03-17,8.124,2,7829.63,24.0
2023-03-18,8.088,2,7877.93,24.2
2023-03-19,7.901,2,7868.35,24.3
2023-03-20,7.8,2,7877.59,23.7
2023-03-21,7.74,2,7925.68,23.0
2023-03-22,7.934,2,7979.41,23.1
2023-03-23,8.089,2,8074.47,23.6
2023-03-24,8.063,2,8129.19,23.8
2023-03-25,8.038,2,8123.71,23.4
2023-03-26,7.991,2,8052.21,22.9
2023-03-27,7.796,2,7943.35,22.6
2023-03-28,7.938,2,7934.47,22.6
2023-03-29,8.13,2,8008.8,22.4
2023-03-30,8.339,2,8043.92,21.7
2023-03-31,8.411,2,8187.64,21.2
2023-04-01,8.538,2,8474.65,20.6
2023-04-02,8.74,2,8836.48,20.0
2023-04-03,8.895,2,9246.18,19.9
2023-04-04,9.077,2,9812.16,19.8
2023-04-05,9.11,2,10407.5,19.9
2023-04-06,8.977,2,10947.29,20.0
2023-04-07,8.747,2,11433.37,19.8
2023-04-08,8.779,2,11793.26,19.5
2023-04-09,8.945,2,11963.44,18.9
2023-04-10,9.197,2,11973.25,18.5
2023-04-11,9.416,2,11885.02,18.2
2023-04-12,9.399,2,11820.67,18.1
2023-04-13,9.317,2,11785.45,18.1
2023-04-14,9.289,2,11679.44,18.2
2023-04-15,9.138,2,11588.09,18.2
2023-04-16,9.117,2,11545.08,18.0
2023-04-17,9.299,2,11448.94,17.7
2023-04-18,9.477,2,11341.35,17.7
2023-04-19,9.578,2,11329.48,17.7
2023-04-20,9.683,2,11320.88,17.3
2023-04-21,9.65,2,11414.3,17.2
2023-04-22,9.648,2,11460.42,17.3
2023-04-23,9.666,2,11515.59,17.4
2023-04-24,9.606,2,11610.39,17.5
2023-04-25,9.493,2,11826.1,17.7
2023-04-26,9.337,2,12159.89,17.8
2023-04-27,9.125,2,12487.42,17.8
2023-04-28,8.987,2,12575.34,17.9
2023-04-29,8.928,2,12407.42,17.6
2023-04-30,8.922,2,12052.85,17.1
2023-05-01,8.88,2,11539.97,16.9
2023-05-02,8.918,2,10940.14,16.9
2023-05-03,9.075,2,10366.7,16.7
2023-05-04,9.157,2,9799.46,16.2
2023-05-05,9.267,2,9222.02,15.8
2023-05-06,9.329,2,8648.19,15.6
2023-05-07,9.492,2,8062.2,14.8
2023-05-08,9.636,2,7476.92,14.2
2023-05-09,9.729,2,6994.29,13.9
2023-05-10,9.834,2,6606.77,13.8
2023-05-11,9.947,2,6288.57,13.7
2023-05-12,10.1,2,6138.7,13.5
2023-05-13,10.228,2,6169.14,13.5
2023-05-14,10.243,2,6265.82,13.5
2023-05-15,10.229,2,6376.82,13.7
2023-05-16,10.218,2,6558.8,13.6
2023-05-17,10.274,2,6729.26,13.4
2023-05-18,10.372,2,6889.73,12.9
2023-05-19,10.488,2,7065.01,12.7
2023-05-20,10.543,2,7433.0,12.7
2023-05-21,10.544,2,7913.9,12.5
2023-05-22,10.62,2,8271.98,12.3
2023-05-23,10.699,2,8514.58,12.1
2023-05-24,10.799,2,8742.29,11.9
2023-05-25,10.81,2,8946.94,11.7
2023-05-26,10.781,2,9134.68,11.6
2023-05-27,10.718,2,9197.66,11.8
2023-05-28,10.717,2,9182.29,12.0
2023-05-29,10.763,2,9153.15,12.1
2023-05-30,10.669,2,9134.84,12.3
2023-05-31,10.57,2,9137.16,12.6
2023-06-01,10.568,2,9174.81,12.8
2023-06-02,10.475,2,9218.95,12.9
2023-06-03,10.413,2,9302.3,13.1
2023-06-04,10.429,2,9435.94,13.2
2023-06-05,10.323,2,9578.44,13.3
2023-06-06,10.225,2,9760.65,13.4
2023-06-07,10.012,2,10089.03,13.5
2023-06-08,9.918,2,10755.44,13.7
2023-06-09,9.952,2,11371.86,13.6
2023-06-10,10.077,2,12011.39,13.3
2023-06-11,10.12,2,12667.03,13.1
2023-06-12,10.145,2,13358.64,13.0
2023-06-13,10.13,2,14101.51,12.9
2023-06-14,10.127,2,14821.7,12.7
2023-06-15,10.193,2,15574.36,12.5
2023-06-16,10.255,2,16453.01,12.3
2023-06-17,10.366,2,17520.5,12.0
2023-06-18,10.373,2,18840.65,11.8
2023-06-19,10.289,2,20199.35,11.6
2023-06-20,10.21,2,21452.92,11.3
2023-06-21,10.132,2,22526.84,10.9
2023-06-22,10.108,2,23438.21,10.7
2023-06-23,9.968,2,24183.18,10.5
2023-06-24,9.748,2,24735.97,10.4
2023-06-25,9.779,2,25194.92,10.3
2023-06-26,9.902,2,25596.72,10.2
2023-06-27,9.985,2,26024.84,10.1
2023-06-28,10.062,2,26499.49,10.1
2023-06-29,10.147,2,26899.53,10.0
2023-06-30,10.231,2,27272.44,10.0
2023-07-01,10.312,2,27576.75,10.0
2023-07-02,10.402,2,27831.15,9.9
2023-07-03,10.438,2,28129.3,9.8
2023-07-04,10.377,2,28585.98,9.8
2023-07-05,10.249,2,29041.24,9.9
2023-07-06,10.139,2,29602.21,10.0
2023-07-07,10.077,2,30207.99,10.0
2023-07-08,9.993,2,30813.96,10.0
2023-07-09,9.904,2,31392.54,10.0
2023-07-10,9.837,2,31962.1,10.1
2023-07-11,9.78,2,32498.18,10.3
2023-07-12,9.704,2,33011.43,10.5
2023-07-13,9.676,2,33481.64,10.5
2023-07-14,9.62,2,33937.47,10.5
2023-07-15,9.527,2,34431.87,10.6
2023-07-16,9.5,2,34967.12,10.6
2023-07-17,9.502,2,35616.64,10.5
2023-07-18,9.52,2,36368.68,10.4
2023-07-19,9.56,2,37136.7,10.2
2023-07-20,9.59,2,37913.55,10.0
2023-07-21,9.555,2,38670.16,9.9
2023-07-22,9.575,2,39354.01,9.8
2023-07-23,9.593,2,40064.21,9.8
2023-07-24,9.616,2,40766.47,9.8
2023-07-25,9.646,2,41464.65,9.9
2023-07-26,9.67,2,42142.0,9.9
2023-07-27,9.651,2,42802.27,9.9
2023-07-28,9.607,2,43465.74,10.2
2023-07-29,9.56,2,44042.03,10.4
2023-07-30,9.53,2,44580.94,10.5
2023-07-31,9.466,2,45155.36,10.7
2023-08-01,9.423,2,45829.59,10.8
2023-08-02,9.346,2,46531.89,10.9
2023-08-03,9.259,2,47211.67,11.1
2023-08-04,9.186,2,47932.99,11.2
2023-08-05,9.14,2,48674.29,11.2
2023-08-06,9.149,2,49305.5,11.1
2023-08-07,9.149,2,49920.66,11.0
2023-08-08,9.133,2,50489.94,11.0
2023-08-09,9.15,2,51091.04,11.1
2023-08-10,9.19,2,51747.54,11.2
2023-08-11,9.232,2,52321.11,11.3
2023-08-12,9.2,2,52838.18,11.4
2023-08-13,9.157,2,53374.09,11.4
2023-08-14,9.098,2,53840.0,11.6
2023-08-15,9.063,2,54129.68,11.7
2023-08-16,9.059,2,54353.89,11.6
2023-08-17,9.063,2,54551.97,11.5
2023-08-18,9.083,2,54775.77,11.4
2023-08-19,9.183,2,54730.85,11.2
2023-08-20,9.306,2,54652.56,11.3
2023-08-21,9.388,2,54389.69,11.5
2023-08-22,9.388,2,54129.83,11.7
2023-08-23,9.392,2,53711.47,11.7
2023-08-24,9.427,2,53059.32,11.8
2023-08-25,9.464,2,52261.93,12.0
2023-08-26,9.481,2,51270.47,12.2
2023-08-27,9.474,2,50041.89,12.5
2023-08-28,9.438,2,48539.43,12.7
2023-08-29,9.383,2,46748.64,13.0
2023-08-30,9.309,2,44810.82,13.3
2023-08-31,9.255,2,43057.94,13.4
2023-09-01,9.246,2,41319.78,13.5
2023-09-02,9.3,2,39611.87,13.6
2023-09-03,9.346,2,37887.59,13.7
2023-09-04,9.35,2,36230.05,13.8
2023-09-05,9.455,2,34712.04,13.7
2023-09-06,9.544,2,33496.23,13.8
2023-09-07,9.568,2,32339.15,13.7
2023-09-08,9.631,2,31179.24,13.4
2023-09-09,9.77,2,30058.4,13.3
2023-09-10,9.869,2,28909.45,13.3
2023-09-11,9.933,2,27644.83,13.4
2023-09-12,9.983,2,26396.18,13.7
2023-09-13,9.941,2,25266.85,14.0
2023-09-14,9.856,2,24211.42,14.4
2023-09-15,9.745,2,23289.58,14.9
2023-09-16,9.617,2,22540.53,15.3
2023-09-17,9.455,2,21870.02,15.8
2023-09-18,9.293,2,21294.0,16.3
2023-09-19,9.121,2,20898.09,16.8
2023-09-20,8.946,2,20866.75,17.0
2023-09-21,8.88,2,21180.12,17.0
2023-09-22,8.963,2,21620.77,16.8
2023-09-23,9.091,2,22193.26,16.7
2023-09-24,9.099,2,22778.17,16.7
2023-09-25,9.041,2,23209.84,17.0
2023-09-26,9.045,2,23486.9,17.3
2023-09-27,9.011,2,23710.06,17.5
2023-09-28,9.06,2,23843.93,17.5
2023-09-29,9.111,2,23780.03,17.7
2023-09-30,9.079,2,23547.47,17.9
2023-10-01,8.997,2,23162.91,18.2
2023-10-02,8.874,2,22792.87,18.5
2023-10-03,8.532,2,22578.78,18.6
2023-10-04,8.371,2,22729.05,18.3
2023-10-05,8.452,2,22692.64,18.0
2023-10-06,8.551,2,22638.32,18.0
2023-10-07,8.727,2,22569.89,17.9
2023-10-08,8.865,2,22529.67,18.0
2023-10-09,8.85,2,22569.88,18.2
2023-10-10,8.804,2,22658.94,18.4
2023-10-11,8.743,2,22886.32,18.6
2023-10-12,8.62,2,23317.4,18.7
2023-10-13,8.513,2,24099.4,18.4
2023-10-14,8.49,2,25133.57,18.4
2023-10-15,8.489,2,26240.55,18.2
2023-10-16,8.624,2,27255.67,17.9
2023-10-17,8.755,2,28056.23,17.8
2023-10-18,8.757,2,28646.55,17.9
2023-10-19,8.383,2,29040.85,18.2
2023-10-20,8.025,2,29208.22,18.6
2023-10-21,7.859,2,29342.71,18.9
2023-10-22,7.76,2,29361.63,18.8
2023-10-23,7.614,2,29300.61,18.6
2023-10-24,7.549,2,29298.56,18.5
2023-10-25,7.61,2,29285.53,18.1
2023-10-26,7.7,2,29435.63,17.8
2023-10-27,7.808,2,29728.47,17.8
2023-10-28,7.895,2,30152.38,17.8
2023-10-29,7.877,2,30674.86,18.0
2023-10-30,7.787,2,31313.75,18.3
2023-10-31,7.73,2,31926.71,18.5
2023-11-01,7.688,2,32468.51,18.6
2023-11-02,7.661,2,32939.77,18.7
2023-11-03,7.618,2,33236.69,18.9
2023-11-04,7.598,2,33408.54,19.2
2023-11-05,7.59,2,33361.2,19.6
2023-11-06,7.538,2,32970.16,20.0
2023-11-07,7.481,2,32173.64,20.5
2023-11-08,7.39,2,31003.14,20.9
2023-11-09,7.289,2,29497.22,21.7
2023-11-10,7.141,2,27717.92,22.5
2023-11-11,7.004,2,25947.62,23.2
2023-11-12,6.86,2,24490.32,23.2
2023-11-13,6.738,2,23347.41,23.2
2023-11-14,6.604,2,22351.55,23.1
2023-11-15,6.586,2,21564.08,23.1
2023-11-16,6.714,2,20889.67,23.0
2023-11-17,6.921,2,20363.65,22.8
2023-11-18,7.132,2,19870.04,22.8
2023-11-19,7.268,2,19490.64,23.0
2023-11-20,7.375,2,19236.75,23.3
2023-11-21,7.39,2,19031.91,24.0
2023-11-22,7.385,2,18842.34,24.4
2023-11-23,7.317,2,18655.16,24.6
2023-11-24,7.101,2,18750.91,24.6
2023-11-25,7.202,2,19184.85,24.6
2023-11-26,7.335,2,19653.63,24.3
2023-11-27,7.486,2,20039.0,24.2
2023-11-28,7.416,2,20314.23,24.1
2023-11-29,7.387,2,20636.32,23.7
2023-11-30,7.467,2,20796.94,23.5
2023-12-01,7.572,2,20742.25,23.5
2023-12-02,7.595,2,20483.92,23.7
2023-12-03,7.705,2,20225.39,23.8
2023-12-04,7.679,2,19960.11,24.1
2023-12-05,7.536,2,19762.38,24.6
2023-12-06,7.422,2,19602.36,24.7
2023-12-07,7.25,2,19336.0,24.8
2023-12-08,7.056,2,18929.27,24.8
2023-12-09,7.041,2,18441.68,24.9
2023-12-10,7.183,2,17890.22,24.9
2023-12-11,7.202,2,17327.15,25.1
2023-12-12,7.256,2,16718.85,25.5
2023-12-13,7.276,2,16175.28,25.9
2023-12-14,7.186,2,15766.61,25.8
2023-12-15,7.209,2,15543.94,25.8
2023-12-16,7.301,2,15438.76,25.6
2023-12-17,7.372,2,15174.3,25.6
2023-12-18,7.3,2,14690.16,25.6
2023-12-19,7.269,2,14074.48,25.4
2023-12-20,7.537,2,13365.37,24.6
2023-12-21,7.74,2,12518.65,24.6
2023-12-22,7.793,2,11537.48,24.9
2023-12-23,7.737,2,10767.63,24.9
2023-12-24,7.769,2,10220.96,24.9
2023-12-25,7.623,2,9818.33,24.2
2023-12-26,7.778,2,9586.68,23.9
2023-12-27,8.142,2,9388.34,24.0
2023-12-28,8.348,2,9248.06,24.8
2023-12-29,8.257,2,9198.92,25.3
2023-12-30,8.311,2,9400.42,25.2
2023-12-31,8.233,2,9663.3,25.2
2024-01-01,8.11,2,9987.28,25.5
2024-01-02,7.956,2,10364.64,26.0
2024-01-03,7.668,2,10766.47,26.4
2024-01-04,7.41,2,11463.19,26.9
2024-01-05,7.336,2,12435.03,27.4
2024-01-06,7.235,2,13441.92,27.7
2024-01-07,6.965,2,14521.82,27.5
2024-01-08,6.713,2,15570.28,27.0
2024-01-09,6.93,2,16552.31,26.8
2024-01-10,7.291,2,17450.06,27.2
2024-01-11,7.498,2,18188.88,27.5
2024-01-12,7.55,2,18824.05,28.1
2024-01-13,7.348,2,19575.84,28.6
2024-01-14,7.124,2,20477.86,28.1
2024-01-15,6.723,2,21480.56,27.8
2024-01-16,6.505,2,22594.0,27.3
2024-01-17,6.132,2,23581.37,26.7
2024-01-18,6.007,2,24302.11,25.9
2024-01-19,5.304,2,24789.91,25.6
2024-01-20,5.05,2,25097.65,25.7
2024-01-21,5.443,2,25263.67,25.9
2024-01-22,5.734,2,25400.7,25.7
2024-01-23,5.646,2,25478.13,25.8
2024-01-24,5.172,2,25558.99,25.8
2024-01-25,4.769,2,25724.98,25.8
2024-01-26,4.602,2,25967.44,25.6
2024-01-27,4.434,2,26271.75,25.3
2024-01-28,4.398,2,26501.59,25.2
2024-01-29,4.481,2,26618.68,25.3
2024-01-30,4.509,2,26659.94,25.6
2024-01-31,4.633,2,26515.28,25.6
2024-02-01,4.817,2,26320.74,25.6
2024-02-02,4.962,2,25988.62,25.7
2024-02-03,5.108,2,25484.72,25.8
2024-02-04,5.28,2,24600.57,26.1
2024-02-05,5.273,2,23369.6,26.3
2024-02-06,5.438,2,22050.26,26.0
2024-02-07,5.807,2,20625.94,25.7
2024-02-08,6.199,2,19133.03,25.6
2024-02-09,6.928,2,17630.91,25.9
2024-02-10,7.373,2,16057.97,25.9
2024-02-11,7.27,2,14516.39,26.4
2024-02-12,7.072,2,12963.82,27.0
2024-02-13,6.847,2,11645.24,27.5
2024-02-14,6.764,2,10577.8,26.8
2024-02-15,6.874,2,9788.29,26.3
2024-02-16,7.072,2,9163.9,26.0
2024-02-17,7.168,2,8568.74,26.2
2024-02-18,7.139,2,8274.74,26.0
2024-02-19,7.257,2,8162.15,25.8
2024-02-20,7.178,2,8027.58,25.8
2024-02-21,7.142,2,7885.52,25.9
2024-02-22,7.114,2,7666.03,26.4
2024-02-23,7.179,2,7435.85,26.1
2024-02-24,7.308,2,7180.35,25.3
2024-02-25,7.357,2,6907.62,25.3
2024-02-26,7.385,2,6660.59,25.2
2024-02-27,7.494,2,6490.33,25.6
2024-02-28,7.395,2,6298.25,25.9
2024-02-29,7.342,2,6165.3,26.0
2024-03-01,7.321,2,6185.85,26.5
2024-03-02,7.319,2,6294.19,26.3
2024-03-03,7.43,2,6445.98,25.8
2024-03-04,7.584,2,6438.3,25.2
2024-03-05,7.639,2,6405.65,25.0
2024-03-06,7.507,2,6425.52,25.0
2024-03-07,7.543,2,6437.64,25.1
2024-03-08,7.519,2,6364.16,25.3
2024-03-09,7.433,2,6243.68,25.8
2024-03-10,7.387,2,6113.45,26.2
2024-03-11,7.307,2,5944.84,26.5
2024-03-12,7.298,2,5868.0,26.7
2024-03-13,7.231,2,5872.48,26.8
2024-03-14,7.101,2,5970.98,26.2
2024-03-15,7.179,2,6228.29,25.6
2024-03-16,7.239,2,6425.55,25.3
2024-03-17,7.36,2,6447.26,24.7
2024-03-18,7.519,2,6348.6,24.8
2024-03-19,7.601,2,6358.79,24.9
2024-03-20,7.792,2,6289.94,24.0
2024-03-21,8.024,2,6213.85,23.2
2024-03-22,8.166,2,6180.04,22.8
2024-03-23,8.225,2,6004.69,22.6
2024-03-24,8.282,2,5893.77,22.1
2024-03-25,8.268,2,5651.45,21.8
2024-03-26,8.296,2,5490.13,21.7
2024-03-27,8.316,2,5512.75,21.6
2024-03-28,8.297,2,5600.02,21.4
2024-03-29,8.289,2,5712.66,21.3
2024-03-30,8.213,2,5864.23,21.7
2024-03-31,8.155,2,5969.22,22.1
2024-04-01,7.983,2,6087.97,22.7
2024-04-02,7.899,2,6095.64,22.2
2024-04-03,7.951,2,6171.1,21.3
2024-04-04,8.145,2,6248.32,20.9
2024-04-05,8.268,2,6247.32,20.4
2024-04-06,7.99,2,6347.22,20.0
2024-04-07,8.143,2,6651.18,19.7
2024-04-08,8.42,2,6892.31,19.5
2024-04-09,8.631,2,7135.32,19.1
2024-04-10,8.768,2,7312.04,18.6
2024-04-11,8.885,2,7510.77,18.4
2024-04-12,8.956,2,7582.82,18.3
2024-04-13,8.99,2,7682.45,18.0
2024-04-14,9.069,2,7832.12,17.8
2024-04-15,9.098,2,7876.32,17.8
2024-04-16,9.048,2,7935.68,17.9
2024-04-17,9.001,2,7854.61,17.8
2024-04-18,9.015,2,7808.84,17.6
2024-04-19,9.017,2,7703.13,17.5
2024-04-20,9.084,2,7468.62,17.3
2024-04-21,9.142,2,7167.09,17.1
2024-04-22,9.195,2,6938.72,16.9
2024-04-23,9.203,2,6713.61,17.0
2024-04-24,9.232,2,6821.42,16.7
2024-04-25,9.295,2,7141.95,16.2
2024-04-26,9.325,2,7304.44,15.9
2024-04-27,9.458,2,7509.08,15.5
2024-04-28,9.495,2,8026.27,15.6
2024-04-29,9.363,2,8506.8,15.5
2024-04-30,9.27,2,8981.45,15.4
2024-05-01,9.286,2,9242.36,15.3
2024-05-02,9.302,2,9443.7,15.3
2024-05-03,9.334,2,9473.83,15.1
2024-05-04,9.353,2,9630.72,15.1
2024-05-05,9.424,2,9747.68,15.2
2024-05-06,9.46,2,9769.92,15.2
2024-05-07,9.441,2,9682.44,15.2
2024-05-08,9.454,2,9524.42,15.2
2024-05-09,9.503,2,9403.56,15.2
2024-05-10,9.54,2,9215.22,15.2
2024-05-11,9.493,2,9026.6,15.2
2024-05-12,9.476,2,8861.7,15.3
2024-05-13,9.509,2,8735.96,15.3
2024-05-14,9.54,2,8644.86,15.2
2024-05-15,9.603,2,8679.42,14.9
2024-05-16,9.691,2,8795.76,14.7
2024-05-17,9.791,2,9027.77,14.6
2024-05-18,9.819,2,9321.62,14.3
2024-05-19,9.931,2,9693.66,13.6
2024-05-20,10.032,2,10063.39,13.6
2024-05-21,10.096,2,10351.38,13.3
2024-05-22,10.151,2,10638.71,13.0
2024-05-23,10.229,2,10808.81,12.7
2024-05-24,10.283,2,10864.18,12.5
2024-05-25,10.391,2,10792.88,12.4
2024-05-26,10.484,2,10631.51,12.1
2024-05-27,10.475,2,10383.11,11.9
2024-05-28,10.485,2,10053.69,11.7
2024-05-29,10.49,2,9697.82,11.6
2024-05-30,10.35,2,9254.9,11.6
2024-05-31,10.269,2,8891.03,11.9
2024-06-01,10.227,2,8614.54,12.0
2024-06-02,10.224,2,8455.14,11.7
2024-06-03,10.227,2,8330.22,11.4
2024-06-04,10.31,2,8196.71,11.1
2024-06-05,10.403,2,8127.58,11.0
2024-06-06,10.518,2,8089.99,10.9
2024-06-07,10.609,2,8033.82,10.8
2024-06-08,10.622,2,7966.1,10.7
2024-06-09,10.62,2,7938.82,10.8
2024-06-10,10.647,2,7931.7,11.0
2024-06-11,10.554,2,7923.8,11.2
2024-06-12,10.502,2,7908.7,11.2
2024-06-13,10.501,2,7956.49,10.9
2024-06-14,10.496,2,8044.64,10.8
2024-06-15,10.554,2,8109.17,10.7
2024-06-16,10.691,2,8114.84,10.4
2024-06-17,10.806,2,8038.26,10.1
2024-06-18,10.922,2,7855.49,9.8
2024-06-19,11.004,2,7673.06,9.8
2024-06-20,11.008,2,7552.06,9.9
2024-06-21,11.011,2,7460.55,9.9
2024-06-22,11.057,2,7388.55,9.7
2024-06-23,11.15,2,7321.1,9.4
2024-06-24,11.247,2,7206.29,9.2
2024-06-25,11.322,2,7030.03,9.1
2024-06-26,11.34,2,6816.46,9.2
2024-06-27,11.361,2,6626.65,9.4
2024-06-28,11.36,2,6460.32,9.4
2024-06-29,11.223,2,6364.29,9.6
2024-06-30,11.192,2,6367.94,9.5
2024-07-01,11.267,2,6436.01,9.3
2024-07-02,11.355,2,6592.93,9.3
2024-07-03,11.422,2,6778.98,9.2
2024-07-04,11.466,2,6935.31,9.1
2024-07-05,11.634,2,7124.89,9.1
2024-07-06,11.811,2,7500.06,9.1
2024-07-07,11.781,2,8076.8,9.0
2024-07-08,11.564,2,8782.83,9.1
2024-07-09,11.491,2,9566.79,9.3
2024-07-10,11.489,2,10367.7,9.2
2024-07-11,11.335,2,11104.4,9.3
2024-07-12,11.166,2,11789.7,9.7
2024-07-13,11.055,2,12324.6,9.9
2024-07-14,10.927,2,12738.87,9.9
2024-07-15,10.84,2,12994.92,9.7
2024-07-16,10.83,2,13137.41,9.6
2024-07-17,10.847,2,13140.62,9.7
2024-07-18,10.952,2,12999.73,9.7
2024-07-19,10.982,2,12788.1,9.6
2024-07-20,10.962,2,12563.9,9.7
2024-07-21,11.039,2,12324.28,9.7
2024-07-22,11.111,2,12034.06,10.0
2024-07-23,11.188,2,11674.08,10.0
2024-07-24,11.242,2,11265.04,10.0
2024-07-25,11.216,2,10798.94,10.2
2024-07-26,11.27,2,10339.08,10.2
2024-07-27,11.303,2,9896.89,10.2
2024-07-28,11.435,2,9469.54,9.9
2024-07-29,11.596,2,9052.36,9.7
2024-07-30,11.711,2,8741.55,9.6
2024-07-31,11.772,2,8549.22,9.6
2024-08-01,11.811,2,8372.09,9.5
2024-08-02,11.828,2,8258.95,9.5
2024-08-03,11.829,2,8255.2,9.7
2024-08-04,11.802,2,8276.07,9.7
2024-08-05,11.733,2,8258.36,9.9
2024-08-06,11.701,2,8277.48,9.9
2024-08-07,11.667,2,8417.76,9.9
2024-08-08,11.648,2,8594.27,10.0
2024-08-09,11.561,2,8683.96,10.3
2024-08-10,11.442,2,8686.93,10.5
2024-08-11,11.395,2,8643.29,10.6
2024-08-12,11.349,2,8641.07,10.9
2024-08-13,11.26,2,8587.09,11.2
2024-08-14,11.162,2,8499.54,11.6
2024-08-15,11.021,2,8350.24,12.1
2024-08-16,10.796,2,8146.12,12.5
2024-08-17,10.649,2,8042.73,12.6
2024-08-18,10.61,2,7888.96,12.7
2024-08-19,10.627,2,7757.89,12.7
2024-08-20,10.365,3,7557.36,12.9
2024-08-21,10.475,3,7357.85,13.0
2024-08-22,10.525,3,7090.11,13.2
2024-08-23,10.545,3,6846.83,13.3
2024-08-24,10.494,3,6647.77,13.9
2024-08-25,10.322,3,6481.42,14.5
2024-08-26,10.257,3,6395.93,14.6
2024-08-27,10.274,3,6286.36,14.7
2024-08-28,10.167,3,6193.06,14.7
2024-08-29,10.12,3,5989.98,14.6
2024-08-30,9.898,3,5851.84,15.0
2024-08-31,9.812,3,5725.09,14.9
2024-09-01,9.749,3,5687.09,15.0
2024-09-02,9.735,3,5962.31,14.8
2024-09-03,9.825,3,6319.63,14.5
2024-09-04,9.778,3,6849.18,14.6
2024-09-05,9.685,3,7425.68,14.7
2024-09-06,9.595,3,7793.57,15.1
2024-09-07,9.463,3,8054.27,15.6
2024-09-08,9.493,3,8225.8,15.7
